Track URI,Track Name,song_tracking_id,Album Name,Artist Name(s),Release Date,Duration (ms),Popularity,Explicit,Added By,Added At,Genres,Record Label,Danceability,Energy,Key,Loudness,Mode,Speechiness,Acousticness,Instrumentalness,Liveness,Valence,Tempo,Time Signature
spotify:track:77cVT85pU7WH3elC1SE7Uu,Donuts (Outro),song_001,Donuts,J Dilla,2/7/2006,12666,4,FALSE,1220903884,2026-05-01T20:22:13Z,"plunderphonics,alternative hip hop,jazz rap",Stones Throw Records,,,,,,,,,,,,
spotify:track:33T6ABvdB3P2iYOWJnBjsQ,Workinonit,song_002,Donuts,J Dilla,2/7/2006,177120,51,FALSE,1220903884,2026-05-01T20:22:13Z,"plunderphonics,alternative hip hop,jazz rap",Stones Throw Records,0.651,0.695,11,-7.497,0,0.244,0.0714,0.498,0.585,0.543,92.981,4
spotify:track:61WmlU4oDK5eBUhiMYZT1E,Waves,song_003,Donuts,J Dilla,2/7/2006,98506,45,FALSE,1220903884,2026-05-01T20:22:13Z,"plunderphonics,alternative hip hop,jazz rap",Stones Throw Records,0.54,0.522,10,-8.115,0,0.28,0.448,0.602,0.123,0.534,89.827,4
spotify:track:2O9oKwcnTJLQ78flwABgvL,Light It,song_004,Donuts,J Dilla,2/7/2006,35640,44,FALSE,1220903884,2026-05-01T20:22:13Z,"plunderphonics,alternative hip hop,jazz rap",Stones Throw Records,0.501,0.809,6,-8.547,1,0.331,0.00435,0.0164,0.78,0.832,97.813,4
spotify:track:5oGB1t4SFX3IIlOZmmJY7w,The New,song_005,Donuts,J Dilla,2/7/2006,49893,46,FALSE,1220903884,2026-05-01T20:22:13Z,"plunderphonics,alternative hip hop,jazz rap",Stones Throw Records,0.295,0.89,0,-5.966,0,0.657,0.000684,0.00919,0.36,0.659,175.132,4
spotify:track:2ihoQNPyX4AAeMB9f3uw0j,Stop,song_006,Donuts,J Dilla,2/7/2006,99026,49,FALSE,1220903884,2026-05-01T20:22:13Z,"plunderphonics,alternative hip hop,jazz rap",Stones Throw Records,0.413,0.753,6,-7.692,0,0.188,0.203,0.0204,0.647,0.471,85.899,3
spotify:track:1rY5uaNy8coQmDpHkm3VfO,People,song_007,Donuts,J Dilla,2/7/2006,83986,42,FALSE,1220903884,2026-05-01T20:22:13Z,"plunderphonics,alternative hip hop,jazz rap",Stones Throw Records,0.739,0.598,4,-12.124,0,0.217,0.535,0.58,0.107,0.53,97.53,4
spotify:track:35UF2cErr3AAVkBH3oYekU,The Diff'rence,song_008,Donuts,J Dilla,2/7/2006,112493,44,FALSE,1220903884,2026-05-01T20:22:13Z,"plunderphonics,alternative hip hop,jazz rap",Stones Throw Records,0.447,0.69,2,-6.733,1,0.0673,0.0188,0.613,0.264,0.646,99.263,4
spotify:track:0LUrVZU02VWXqOD9UZaZ6t,Mash,song_009,Donuts,J Dilla,2/7/2006,91080,43,FALSE,1220903884,2026-05-01T20:22:13Z,"plunderphonics,alternative hip hop,jazz rap",Stones Throw Records,0.669,0.812,8,-6.463,0,0.253,0.581,0.863,0.412,0.269,101.583,4
spotify:track:6ywnTBL62OTd8HUaztJizb,Time: The Donut of the Heart,song_010,Donuts,J Dilla,2/7/2006,98720,52,FALSE,1220903884,2026-05-01T20:22:13Z,"plunderphonics,alternative hip hop,jazz rap",Stones Throw Records,0.419,0.713,5,-8.867,0,0.0975,0.0685,0.541,0.291,0.555,186.788,4
spotify:track:7qJsI11A1cpeYuUH4xdcIn,Glazed,song_011,Donuts,J Dilla,2/7/2006,81133,41,FALSE,1220903884,2026-05-01T20:22:13Z,"plunderphonics,alternative hip hop,jazz rap",Stones Throw Records,0.224,0.802,10,-8.151,0,0.626,0.0045,0.166,0.198,0.653,190.463,4
spotify:track:6JDQWWAOoMf1aKbBfZPkja,Airworks,song_012,Donuts,J Dilla,2/7/2006,104560,42,FALSE,1220903884,2026-05-01T20:22:13Z,"plunderphonics,alternative hip hop,jazz rap",Stones Throw Records,0.489,0.602,7,-7.801,1,0.068,0.501,0.117,0.354,0.608,90.11,4
spotify:track:0TIItu69NmCbgvJUD0Zbnb,Lightworks,song_013,Donuts,J Dilla,2/7/2006,115280,41,FALSE,1220903884,2026-05-01T20:22:13Z,"plunderphonics,alternative hip hop,jazz rap",Stones Throw Records,0.451,0.775,2,-6.983,1,0.379,0.497,0.00335,0.198,0.278,93.315,4
spotify:track:5zzCiLdhGnufBc9IfPUn4o,Stepson Of The Clapper,song_014,Donuts,J Dilla,2/7/2006,61400,40,FALSE,1220903884,2026-05-01T20:22:13Z,"plunderphonics,alternative hip hop,jazz rap",Stones Throw Records,0.623,0.683,1,-7.853,1,0.325,0.0485,0.655,0.312,0.191,99.423,4
spotify:track:0gYCvpwW3hIcIcbBscxVBN,"The Twister (Huh, What)",song_015,Donuts,J Dilla,2/7/2006,76960,39,FALSE,1220903884,2026-05-01T20:22:13Z,"plunderphonics,alternative hip hop,jazz rap",Stones Throw Records,0.292,0.885,5,-5.644,0,0.305,0.0108,0.233,0.352,0.77,194.977,4
spotify:track:4WZf36CHSQ5qdiQiWpww8x,One Eleven,song_016,Donuts,J Dilla,2/7/2006,71013,41,FALSE,1220903884,2026-05-01T20:22:13Z,"plunderphonics,alternative hip hop,jazz rap",Stones Throw Records,0.378,0.661,1,-8.71,1,0.443,0.0288,0.00475,0.684,0.412,175.308,4
spotify:track:3YN2Q4dBTFZFXOJv5e4MiE,Two Can Win,song_017,Donuts,J Dilla,2/7/2006,107293,48,FALSE,1220903884,2026-05-01T20:22:13Z,"plunderphonics,alternative hip hop,jazz rap",Stones Throw Records,0.387,0.761,10,-9.68,0,0.41,0.011,0.224,0.775,0.807,185.182,4
spotify:track:67c5M9gVWemCV5SGH5cc4v,Don't Cry,song_018,Donuts,J Dilla,2/7/2006,119386,57,FALSE,1220903884,2026-05-01T20:22:13Z,"plunderphonics,alternative hip hop,jazz rap",Stones Throw Records,0.23,0.772,1,-6.349,1,0.342,0.054,0.000138,0.644,0.589,173.377,5
spotify:track:2mE1fmoHkbAqPAzx79nE9C,Anti-American Graffiti,song_019,Donuts,J Dilla,2/7/2006,113720,41,FALSE,1220903884,2026-05-01T20:22:13Z,"plunderphonics,alternative hip hop,jazz rap",Stones Throw Records,0.444,0.882,1,-7.508,1,0.371,0.0126,0.0834,0.66,0.342,181.371,4
spotify:track:3YkI9IyYXFwh3smgfLrH7C,Geek Down,song_020,Donuts,J Dilla,2/7/2006,79520,39,FALSE,1220903884,2026-05-01T20:22:13Z,"plunderphonics,alternative hip hop,jazz rap",Stones Throw Records,0.595,0.707,10,-6.564,0,0.343,0.00528,0.0502,0.293,0.559,92.736,4
spotify:track:5Fv7WqhuAR4HP0qUnAtZGp,Thunder,song_021,Donuts,J Dilla,2/7/2006,54160,38,FALSE,1220903884,2026-05-01T20:22:13Z,"plunderphonics,alternative hip hop,jazz rap",Stones Throw Records,0.574,0.595,1,-8.957,1,0.109,0.000214,0.67,0.309,0.61,188.484,4
spotify:track:39XY5TmM47I3WsO07knVZg,Gobstopper,song_022,Donuts,J Dilla,2/7/2006,65172,41,FALSE,1220903884,2026-05-01T20:22:13Z,"plunderphonics,alternative hip hop,jazz rap",Stones Throw Records,0.368,0.791,2,-6.889,1,0.169,0.0156,0.741,0.162,0.723,174.28,4
spotify:track:08BY6BAxMOZ76RKIcupvXR,One For Ghost,song_023,Donuts,J Dilla,2/7/2006,78226,40,FALSE,1220903884,2026-05-01T20:22:13Z,"plunderphonics,alternative hip hop,jazz rap",Stones Throw Records,0.591,0.543,2,-8.253,1,0.0722,0.322,0.852,0.285,0.366,85.012,4
spotify:track:1eXL25uYRJCz39GkqbNNQG,Dilla Says Go,song_024,Donuts,J Dilla,2/7/2006,76400,41,FALSE,1220903884,2026-05-01T20:22:13Z,"plunderphonics,alternative hip hop,jazz rap",Stones Throw Records,0.415,0.509,1,-9.942,0,0.548,0.594,0.0000908,0.456,0.704,141.871,3
spotify:track:4JggVVHiX7dV8lb3Y1kRUY,Walkinonit,song_025,Donuts,J Dilla,2/7/2006,75053,39,FALSE,1220903884,2026-05-01T20:22:13Z,"plunderphonics,alternative hip hop,jazz rap",Stones Throw Records,0.654,0.759,10,-7.915,0,0.292,0.68,0.341,0.388,0.381,96.261,4
spotify:track:0kqyNHeLJQmoIR61CSFleG,The Factory,song_026,Donuts,J Dilla,2/7/2006,83786,37,FALSE,1220903884,2026-05-01T20:22:13Z,"plunderphonics,alternative hip hop,jazz rap",Stones Throw Records,0.783,0.464,1,-6.759,1,0.317,0.244,0.0397,0.124,0.68,95.814,4
spotify:track:4S6Bo2c9FzVaq0vdqqLqgU,U-Love,song_027,Donuts,J Dilla,2/7/2006,60866,49,FALSE,1220903884,2026-05-01T20:22:13Z,"plunderphonics,alternative hip hop,jazz rap",Stones Throw Records,0.47,0.792,5,-6.242,0,0.411,0.74,0.000033,0.708,0.559,180.685,4
spotify:track:4ZlU0TE4Gm0AVFiqGnMzoq,Hi.,song_028,Donuts,J Dilla,2/7/2006,76720,39,FALSE,1220903884,2026-05-01T20:22:13Z,"plunderphonics,alternative hip hop,jazz rap",Stones Throw Records,0.327,0.313,5,-8.554,1,0.0449,0.0292,0.196,0.199,0.258,81.682,4
spotify:track:294yHgLAZpqWzCgRRbdvDM,Bye.,song_029,Donuts,J Dilla,2/7/2006,87573,42,FALSE,1220903884,2026-05-01T20:22:13Z,"plunderphonics,alternative hip hop,jazz rap",Stones Throw Records,0.602,0.405,1,-9.387,1,0.106,0.637,0.73,0.106,0.514,89.871,4
spotify:track:2zdg5ICoK5WGKCpX1LAdOf,Last Donut Of The Night,song_030,Donuts,J Dilla,2/7/2006,99600,44,FALSE,1220903884,2026-05-01T20:22:13Z,"plunderphonics,alternative hip hop,jazz rap",Stones Throw Records,0.536,0.662,10,-7.384,0,0.385,0.375,0.466,0.444,0.472,80.727,4
spotify:track:6YbfTiImEm6kH6gRXpdtgR,Welcome To The Show,song_031,Donuts,J Dilla,2/7/2006,71666,45,FALSE,1220903884,2026-05-01T20:22:13Z,"plunderphonics,alternative hip hop,jazz rap",Stones Throw Records,0.288,0.725,10,-4.651,0,0.455,0.000068,0.00000309,0.636,0.436,181.391,4
spotify:track:2ej1A2Ze6P2EOW7KfIosZR,Feather (feat. Cise Starr & Akin from CYNE),song_032,Modal Soul,Nujabes;Cise Starr & Akin from CYNE,11/11/2005,175360,69,TRUE,1220903884,2026-05-01T20:22:35Z,jazz rap,Hydeout Productions,0.565,0.749,10,-6.629,0,0.0769,0.655,0.432,0.106,0.881,180.598,4
spotify:track:6zYBZOP6SuKa5JszwpAz7Z,ordinary joe (feat. Terry Callier),song_033,Modal Soul,Nujabes;Terry Callier,11/11/2005,308040,50,FALSE,1220903884,2026-05-01T20:22:35Z,"jazz rap,northern soul",Hydeout Productions,0.719,0.961,11,-4.613,0,0.0649,0.176,0.72,0.0828,0.458,120.015,4
spotify:track:6eGMwVVABqVTe9bWRIm498,reflection eternal,song_034,Modal Soul,Nujabes,11/11/2005,257893,58,FALSE,1220903884,2026-05-01T20:22:35Z,jazz rap,Hydeout Productions,0.842,0.464,2,-12.628,1,0.0418,0.429,0.789,0.0978,0.771,93.966,4
spotify:track:4xlpJ99yL9xYQtzG6c3hwk,Luv(sic.) pt3 (feat. Shing02),song_035,Modal Soul,Nujabes;Shing02,11/11/2005,336866,66,FALSE,1220903884,2026-05-01T20:22:35Z,"jazz rap,j-rap",Hydeout Productions,0.866,0.691,5,-4.371,0,0.0478,0.727,0.503,0.0737,0.87,94.997,4
spotify:track:45ejirK0hfPnsjgzj3s7gP,Music is mine,song_036,Modal Soul,Nujabes,11/11/2005,260466,49,FALSE,1220903884,2026-05-01T20:22:35Z,jazz rap,Hydeout Productions,0.672,0.767,6,-6.845,0,0.0546,0.231,0.815,0.356,0.503,105.987,4
spotify:track:7mEPuj0XW6eK14Unu6IUc1,Eclipse (feat. Substantial),song_037,Modal Soul,Nujabes;Substantial,11/11/2005,214333,50,FALSE,1220903884,2026-05-01T20:22:35Z,jazz rap,Hydeout Productions,0.596,0.777,11,-11.963,0,0.262,0.251,0.0717,0.206,0.642,95.65,4
spotify:track:2g8vK3m0npTrzsADQAnbVO,The Sign (feat. Pase Rock),song_038,Modal Soul,Nujabes;Pase Rock,11/11/2005,289800,47,FALSE,1220903884,2026-05-01T20:22:35Z,jazz rap,Hydeout Productions,0.548,0.849,4,-7.287,0,0.457,0.774,0.00000303,0.408,0.585,71.081,4
spotify:track:2eej8hyValZva7TdN39zeD,Thank you (feat. Apani B),song_039,Modal Soul,Nujabes;Apani B,11/11/2005,249373,50,FALSE,1220903884,2026-05-01T20:22:35Z,jazz rap,Hydeout Productions,0.463,0.942,10,-5.623,0,0.252,0.131,0.0993,0.134,0.835,96.667,4
spotify:track:7BBZGDSZbsb4Esi8YB94HT,World's end Rhapsody,song_040,Modal Soul,Nujabes,11/11/2005,341200,54,FALSE,1220903884,2026-05-01T20:22:35Z,jazz rap,Hydeout Productions,0.745,0.731,1,-8.859,1,0.0949,0.205,0.678,0.103,0.898,121.52,4
spotify:track:07JBINIJSHZMkpghrXe2po,Modal Soul (feat. Uyama Hiroto),song_041,Modal Soul,Nujabes;Uyama Hiroto,11/11/2005,281160,48,FALSE,1220903884,2026-05-01T20:22:35Z,"jazz rap,nu jazz",Hydeout Productions,0.619,0.803,5,-6.997,0,0.101,0.175,0.973,0.116,0.814,117.11,4
spotify:track:69jGxyfw3lzGGYf78jdkpF,flowers,song_042,Modal Soul,Nujabes,11/11/2005,239666,54,FALSE,1220903884,2026-05-01T20:22:35Z,jazz rap,Hydeout Productions,0.669,0.612,0,-5.768,0,0.0293,0.846,0.233,0.16,0.612,98.475,4
spotify:track:4rAcMik7N6LlIs61u5bzYo,sea of cloud,song_043,Modal Soul,Nujabes,11/11/2005,181773,57,FALSE,1220903884,2026-05-01T20:22:35Z,jazz rap,Hydeout Productions,0.612,0.653,2,-12.103,1,0.0421,0.832,0.949,0.126,0.827,103.55,4
spotify:track:2rUaktaAxshyPzIdAKzk1Y,Light on the land,song_044,Modal Soul,Nujabes,11/11/2005,235000,48,FALSE,1220903884,2026-05-01T20:22:35Z,jazz rap,Hydeout Productions,0.713,0.706,7,-9.362,1,0.0343,0.0727,0.875,0.105,0.823,110.028,4
spotify:track:545g4jlvOqZo1sj6k1f9j9,Horizon,song_045,Modal Soul,Nujabes,11/11/2005,440093,49,FALSE,1220903884,2026-05-01T20:22:35Z,jazz rap,Hydeout Productions,0.625,0.91,7,-9.531,1,0.0345,0.029,0.825,0.0948,0.747,99.99,4
spotify:track:2Jn0wHQ2lEif2gLRsyfaf2,The Illest Villains,song_046,Madvillainy,Madvillain;Madlib;MF DOOM,3/24/2004,115360,49,FALSE,1220903884,2026-05-01T20:23:28Z,"experimental hip hop,alternative hip hop,jazz rap,plunderphonics,east coast hip hop",Stones Throw Records,0.41,0.817,6,-9.217,1,0.289,0.55,0.008,0.422,0.335,101.611,5
spotify:track:67vrmPygrZ9giGqHUSReAT,Accordion,song_047,Madvillainy,Madvillain;Madlib;MF DOOM,3/24/2004,118853,61,TRUE,1220903884,2026-05-01T20:23:28Z,"experimental hip hop,alternative hip hop,jazz rap,plunderphonics,east coast hip hop",Stones Throw Records,0.578,0.631,9,-6.518,0,0.309,0.0243,0,0.0665,0.716,96.332,4
spotify:track:4WM1hvYr2NC6bQnQXcj3sH,Meat Grinder,song_048,Madvillainy,Madvillain;Madlib;MF DOOM,3/24/2004,131866,64,TRUE,1220903884,2026-05-01T20:23:28Z,"experimental hip hop,alternative hip hop,jazz rap,plunderphonics,east coast hip hop",Stones Throw Records,0.571,0.717,6,-8.333,1,0.336,0.359,0.00000312,0.797,0.881,87.54,4
spotify:track:4kSYZCV2qlTpCPu0NnMoSR,Bistro,song_049,Madvillainy,Madvillain;Madlib;MF DOOM,3/24/2004,67520,56,FALSE,1220903884,2026-05-01T20:23:28Z,"experimental hip hop,alternative hip hop,jazz rap,plunderphonics,east coast hip hop",Stones Throw Records,0.381,0.592,7,-10.879,1,0.289,0.446,0,0.534,0.673,84.974,1
spotify:track:3KQh7ppbDxVjdJBtjvP5BU,Raid (feat. MED),song_050,Madvillainy,Madvillain;Madlib;MF DOOM;MED,3/24/2004,150520,60,TRUE,1220903884,2026-05-01T20:23:28Z,"experimental hip hop,alternative hip hop,jazz rap,plunderphonics,east coast hip hop",Stones Throw Records,0.419,0.871,11,-6.432,0,0.468,0.715,0,0.211,0.577,201.451,4
spotify:track:1QmVaiJKcXUMMBfd1fonI0,America's Most Blunted (feat. Quasimoto),song_051,Madvillainy,Madvillain;Madlib;MF DOOM;Quasimoto,3/24/2004,234040,53,TRUE,1220903884,2026-05-01T20:23:28Z,"experimental hip hop,alternative hip hop,jazz rap,plunderphonics,east coast hip hop,underground hip hop",Stones Throw Records,0.624,0.896,9,-7.915,1,0.47,0.349,0,0.969,0.652,95.97,4
spotify:track:4NpMpsiq6LX8eikg9Gcvsj,Sickfit (Instrumental),song_052,Madvillainy,Madvillain;Madlib;MF DOOM,3/24/2004,81880,49,FALSE,1220903884,2026-05-01T20:23:28Z,"experimental hip hop,alternative hip hop,jazz rap,plunderphonics,east coast hip hop",Stones Throw Records,0.639,0.957,2,-7.864,0,0.385,0.00831,0.853,0.203,0.187,95.033,4
spotify:track:63qqAXlMFDKO9gkIMiq3KH,Rainbows,song_053,Madvillainy,Madvillain;Madlib;MF DOOM,3/24/2004,171840,49,TRUE,1220903884,2026-05-01T20:23:28Z,"experimental hip hop,alternative hip hop,jazz rap,plunderphonics,east coast hip hop",Stones Throw Records,0.449,0.7,4,-9.277,0,0.0596,0.048,0.104,0.873,0.41,94.072,4
spotify:track:0V3nTTKA24XKCayp8igU4l,Curls,song_054,Madvillainy,Madvillain;Madlib;MF DOOM,3/24/2004,95506,55,FALSE,1220903884,2026-05-01T20:23:28Z,"experimental hip hop,alternative hip hop,jazz rap,plunderphonics,east coast hip hop",Stones Throw Records,0.533,0.724,7,-8.954,0,0.311,0.275,0.00000459,0.118,0.504,89.862,4
spotify:track:1APrKVAuOsotWulrz0GyAz,Do Not Fire! (Instrumental),song_055,Madvillainy,Madvillain;Madlib;MF DOOM,3/24/2004,52826,47,FALSE,1220903884,2026-05-01T20:23:28Z,"experimental hip hop,alternative hip hop,jazz rap,plunderphonics,east coast hip hop",Stones Throw Records,0.32,0.687,4,-11.245,1,0.411,0.00823,0.0393,0.166,0.73,88.251,4
spotify:track:7N1Z5IAGMEWXZcxfpFt87k,Money Folder,song_056,Madvillainy,Madvillain;Madlib;MF DOOM,3/24/2004,182800,51,FALSE,1220903884,2026-05-01T20:23:28Z,"experimental hip hop,alternative hip hop,jazz rap,plunderphonics,east coast hip hop",Stones Throw Records,0.679,0.724,8,-9.265,1,0.258,0.524,0.0000238,0.765,0.874,92.585,4
spotify:track:2DGrID7i8pkoqR2gHxnEHC,Shadows of Tomorrow (feat. Quasimoto),song_057,Madvillainy,Madvillain;Madlib;MF DOOM;Quasimoto,3/24/2004,156186,48,FALSE,1220903884,2026-05-01T20:23:28Z,"experimental hip hop,alternative hip hop,jazz rap,plunderphonics,east coast hip hop,underground hip hop",Stones Throw Records,0.413,0.851,1,-8.07,1,0.394,0.179,0,0.442,0.406,96.576,4
spotify:track:44lxKKHQuGj9Y99hnmtOTK,Operation Lifesaver aka Mint Test,song_058,Madvillainy,Madvillain;Madlib;MF DOOM,3/24/2004,90133,48,TRUE,1220903884,2026-05-01T20:23:28Z,"experimental hip hop,alternative hip hop,jazz rap,plunderphonics,east coast hip hop",Stones Throw Records,0.273,0.67,7,-10.202,1,0.421,0.132,0.00191,0.666,0.721,183.17,4
spotify:track:7oFiFPltiQTBqVutyiSwvE,Figaro,song_059,Madvillainy,Madvillain;Madlib;MF DOOM,3/24/2004,145706,59,TRUE,1220903884,2026-05-01T20:23:28Z,"experimental hip hop,alternative hip hop,jazz rap,plunderphonics,east coast hip hop",Stones Throw Records,0.836,0.812,2,-6.985,1,0.215,0.188,0.00000182,0.0982,0.769,92.009,4
spotify:track:43u5j2bJ6E9nZV3PbPAoAe,Hardcore Hustle (feat. Wildchild),song_060,Madvillainy,Madvillain;Madlib;MF DOOM;Wildchild,3/24/2004,81920,46,TRUE,1220903884,2026-05-01T20:23:28Z,"experimental hip hop,alternative hip hop,jazz rap,plunderphonics,east coast hip hop",Stones Throw Records,0.578,0.84,10,-7.435,0,0.345,0.482,0,0.48,0.529,95.565,4
spotify:track:1JLvr8qmZ6hQM7H6MsIqHV,Strange Ways,song_061,Madvillainy,Madvillain;Madlib;MF DOOM,3/24/2004,111666,52,TRUE,1220903884,2026-05-01T20:23:28Z,"experimental hip hop,alternative hip hop,jazz rap,plunderphonics,east coast hip hop",Stones Throw Records,0.321,0.807,4,-9.876,0,0.568,0.723,0,0.466,0.561,89.811,4
spotify:track:1YgDGKyKhFlimPw3mLavPG,Fancy Clown (feat. Viktor Vaughn),song_062,Madvillainy,Madvillain;Madlib;MF DOOM;Viktor Vaughn,3/24/2004,115826,63,TRUE,1220903884,2026-05-01T20:23:28Z,"experimental hip hop,alternative hip hop,jazz rap,plunderphonics,east coast hip hop",Stones Throw Records,0.537,0.753,8,-9.441,1,0.35,0.328,0.0000152,0.368,0.693,90.292,4
spotify:track:7BQWkQjZ4RmzCehucHJmt3,Eye (feat. Stacy Epps),song_063,Madvillainy,Madvillain;Madlib;MF DOOM;Stacy Epps,3/24/2004,117773,52,FALSE,1220903884,2026-05-01T20:23:28Z,"experimental hip hop,alternative hip hop,jazz rap,plunderphonics,east coast hip hop",Stones Throw Records,0.408,0.529,10,-9.503,0,0.497,0.093,0.0317,0.231,0.604,187.424,4
spotify:track:2m10twwgw9NxzvlQkwCOIO,Supervillain Theme (Instrumental),song_064,Madvillainy,Madvillain;Madlib;MF DOOM,3/24/2004,50520,0,FALSE,1220903884,2026-05-01T20:23:28Z,"experimental hip hop,alternative hip hop,jazz rap,plunderphonics,east coast hip hop",Stones Throw Records,0.495,0.642,1,-10.577,1,0.0618,0.00648,0.539,0.411,0.688,174.888,4
spotify:track:21O0XXPEWPtePt5RMY93Ob,All Caps,song_065,Madvillainy,Madvillain;Madlib;MF DOOM,3/24/2004,130479,71,TRUE,1220903884,2026-05-01T20:23:28Z,"experimental hip hop,alternative hip hop,jazz rap,plunderphonics,east coast hip hop",Stones Throw Records,0.358,0.889,1,-8.045,1,0.335,0.266,0.0000146,0.172,0.666,85.61,4
spotify:track:2teH8BAM9q2oSmBre5hiQM,Great Day,song_066,Madvillainy,Madvillain;Madlib;MF DOOM,3/24/2004,136920,53,FALSE,1220903884,2026-05-01T20:23:28Z,"experimental hip hop,alternative hip hop,jazz rap,plunderphonics,east coast hip hop",Stones Throw Records,0.428,0.69,11,-8.205,0,0.119,0.686,0.000127,0.498,0.688,86.163,4
spotify:track:1IM5em8ceA9Ukorn9xf19w,Rhinestone Cowboy,song_067,Madvillainy,Madvillain;Madlib;MF DOOM,3/24/2004,239826,53,TRUE,1220903884,2026-05-01T20:23:28Z,"experimental hip hop,alternative hip hop,jazz rap,plunderphonics,east coast hip hop",Stones Throw Records,0.31,0.692,0,-7.227,1,0.249,0.298,0.00158,0.321,0.404,142.388,3
spotify:track:5gOfC9UzZQzTyShqPMrpjT,wacced out murals,song_068,GNX,Kendrick Lamar,11/22/2024,317092,69,TRUE,1220903884,2026-05-01T20:29:58Z,"hip hop,west coast hip hop","pgLang, under exclusive license to Interscope Records",0.761,0.501,9,-10.759,0,0.459,0.249,0,0.136,0.502,81.998,4
spotify:track:0nj9Bq5sHDiTxSHunhgkFb,squabble up,song_069,GNX,Kendrick Lamar,11/22/2024,157992,80,TRUE,1220903884,2026-05-01T20:29:58Z,"hip hop,west coast hip hop","pgLang, under exclusive license to Interscope Records",0.874,0.672,0,-5.568,1,0.198,0.0206,0,0.0783,0.711,103.921,4
spotify:track:45J4avUb9Ni0bnETYaYFVJ,luther (with sza),song_070,GNX,Kendrick Lamar;SZA,11/22/2024,177598,82,FALSE,1220903884,2026-05-01T20:29:58Z,"hip hop,west coast hip hop,r&b","pgLang, under exclusive license to Interscope Records",0.707,0.575,2,-7.546,1,0.125,0.251,0,0.248,0.576,138.008,4
spotify:track:5ho7VSXSmI2KM2nDjcnLyz,man at the garden,song_071,GNX,Kendrick Lamar,11/22/2024,233173,66,TRUE,1220903884,2026-05-01T20:29:58Z,"hip hop,west coast hip hop","pgLang, under exclusive license to Interscope Records",0.817,0.348,7,-10.213,0,0.29,0.51,0.000119,0.11,0.634,91.997,4
spotify:track:5S8VwnB4sLi6W0lYTWYylu,hey now (feat. dody6),song_072,GNX,Kendrick Lamar;Dody6,11/22/2024,217478,71,TRUE,1220903884,2026-05-01T20:29:58Z,"hip hop,west coast hip hop","pgLang, under exclusive license to Interscope Records",0.806,0.358,10,-8.769,1,0.117,0.00443,0.00162,0.412,0.188,102.011,4
spotify:track:0RgjEkSbeuStKfT2Pa4Zai,reincarnated,song_073,GNX,Kendrick Lamar,11/22/2024,275740,69,TRUE,1220903884,2026-05-01T20:29:58Z,"hip hop,west coast hip hop","pgLang, under exclusive license to Interscope Records",0.846,0.779,7,-5.363,1,0.254,0.0534,0,0.299,0.748,91.118,4
spotify:track:0aB0v4027ukVziUGwVGYpG,tv off (feat. lefty gunplay),song_074,GNX,Kendrick Lamar;Lefty Gunplay,11/22/2024,220690,85,TRUE,1220903884,2026-05-01T20:29:58Z,"hip hop,west coast hip hop,mexican hip hop","pgLang, under exclusive license to Interscope Records",0.855,0.529,6,-6.679,0,0.263,0.0837,0,0.423,0.548,100.036,4
spotify:track:4K1Pg0FLno1ltzX3jeqT83,"dodger blue (feat. wallie the sensei, siete7x, roddy ricch)",song_075,GNX,Kendrick Lamar;Wallie the Sensei;Siete7x;Roddy Ricch,11/22/2024,131240,69,TRUE,1220903884,2026-05-01T20:29:58Z,"hip hop,west coast hip hop,melodic rap","pgLang, under exclusive license to Interscope Records",0.796,0.536,6,-7.93,1,0.109,0.0552,0,0.112,0.662,83.492,4
spotify:track:2Uts1QFB4u2YNIMiqcb4de,peekaboo (feat. azchike),song_076,GNX,Kendrick Lamar;AZ Chike,11/22/2024,155917,76,TRUE,1220903884,2026-05-01T20:29:58Z,"hip hop,west coast hip hop,hyphy","pgLang, under exclusive license to Interscope Records",0.889,0.298,1,-9.086,1,0.182,0.00306,0.0000126,0.173,0.314,100.042,4
spotify:track:1SGvjfc85yzqKXsfKcCxn2,heart pt. 6,song_077,GNX,Kendrick Lamar,11/22/2024,292461,71,TRUE,1220903884,2026-05-01T20:29:58Z,"hip hop,west coast hip hop","pgLang, under exclusive license to Interscope Records",0.704,0.647,9,-7.664,1,0.325,0.27,0,0.109,0.585,80.998,4
spotify:track:3aZptNYC6Z1YoumeqZcDcQ,"gnx (feat. hitta j3, youngthreat, peysoh)",song_078,GNX,Kendrick Lamar;Hitta J3;YoungThreat;Peysoh,11/22/2024,193539,63,TRUE,1220903884,2026-05-01T20:29:58Z,"hip hop,west coast hip hop","pgLang, under exclusive license to Interscope Records",0.75,0.556,1,-7.275,1,0.436,0.134,0,0.107,0.736,179.911,4
spotify:track:0wgOhYnqZKjOHr6bmdz0aN,gloria (with sza),song_079,GNX,Kendrick Lamar;SZA,11/22/2024,287522,69,TRUE,1220903884,2026-05-01T20:29:58Z,"hip hop,west coast hip hop,r&b","pgLang, under exclusive license to Interscope Records",0.719,0.555,2,-9.785,0,0.27,0.22,0,0.127,0.413,140.07,4
spotify:track:1p1b9LdLJ0REuFJX9mYtFX,1985,song_080,Alfredo,Freddie Gibbs;The Alchemist,5/29/2020,152546,64,TRUE,1220903884,2026-05-01T20:30:16Z,"jazz rap,alternative hip hop,experimental hip hop,boom bap",ESGN / ALC / EMPIRE,0.528,0.595,0,-10.35,0,0.281,0.337,0,0.389,0.36,130.396,4
spotify:track:5V9lnDn1hePoudMfKfCTNl,God Is Perfect,song_081,Alfredo,Freddie Gibbs;The Alchemist,5/29/2020,239026,54,TRUE,1220903884,2026-05-01T20:30:16Z,"jazz rap,alternative hip hop,experimental hip hop,boom bap",ESGN / ALC / EMPIRE,0.543,0.551,1,-10.38,1,0.437,0.741,0.0000535,0.583,0.638,75.932,4
spotify:track:15NQ3x1f2GUhqs8oBXhTqp,Scottie Beam,song_082,Alfredo,Freddie Gibbs;The Alchemist;Rick Ross,5/29/2020,244053,63,TRUE,1220903884,2026-05-01T20:30:16Z,"jazz rap,alternative hip hop,experimental hip hop,boom bap,southern hip hop",ESGN / ALC / EMPIRE,0.523,0.654,6,-9.531,0,0.216,0.815,0.00000834,0.211,0.544,79.192,4
spotify:track:6kK3m2FiYERYrUF269y0Es,Look At Me,song_083,Alfredo,Freddie Gibbs;The Alchemist,5/29/2020,153493,54,TRUE,1220903884,2026-05-01T20:30:16Z,"jazz rap,alternative hip hop,experimental hip hop,boom bap",ESGN / ALC / EMPIRE,0.451,0.514,6,-12.63,1,0.22,0.909,0.0151,0.362,0.459,67.072,4
spotify:track:2pFC6DEdMhxQWUTptwVyS4,Frank Lucas (feat. Benny the Butcher),song_084,Alfredo,Freddie Gibbs;The Alchemist;Benny The Butcher,5/29/2020,281986,54,TRUE,1220903884,2026-05-01T20:30:16Z,"jazz rap,alternative hip hop,experimental hip hop,boom bap",ESGN / ALC / EMPIRE,0.489,0.62,7,-10.52,1,0.272,0.234,0.0000257,0.312,0.308,70.463,4
spotify:track:5OkYfk72CNL8XLqa3gp9q7,"Something to Rap About (feat. Tyler, The Creator)",song_085,Alfredo,"Freddie Gibbs;The Alchemist;Tyler, The Creator",5/29/2020,282560,64,TRUE,1220903884,2026-05-01T20:30:16Z,"jazz rap,alternative hip hop,experimental hip hop,boom bap",ESGN / ALC / EMPIRE,0.406,0.524,5,-11.071,1,0.255,0.469,0.00000395,0.117,0.412,56.046,4
spotify:track:4mL25h2hl6gdyu9tNTudnI,Baby $hit,song_086,Alfredo,Freddie Gibbs;The Alchemist,5/29/2020,216826,52,TRUE,1220903884,2026-05-01T20:30:16Z,"jazz rap,alternative hip hop,experimental hip hop,boom bap",ESGN / ALC / EMPIRE,0.599,0.629,2,-11.325,1,0.381,0.665,0.0165,0.447,0.577,130.346,4
spotify:track:3RyLrayd9un9ClTah57JI0,Babies & Fools (feat. Conway the Machine),song_087,Alfredo,Freddie Gibbs;The Alchemist;Conway the Machine,5/29/2020,206026,61,TRUE,1220903884,2026-05-01T20:30:16Z,"jazz rap,alternative hip hop,experimental hip hop,boom bap,east coast hip hop",ESGN / ALC / EMPIRE,0.651,0.493,8,-11.18,0,0.317,0.946,0,0.152,0.704,75.729,4
spotify:track:1DA6UYm3jqf8b3ecWUbo6i,Skinny Suge,song_088,Alfredo,Freddie Gibbs;The Alchemist,5/29/2020,172426,57,TRUE,1220903884,2026-05-01T20:30:16Z,"jazz rap,alternative hip hop,experimental hip hop,boom bap",ESGN / ALC / EMPIRE,0.489,0.52,5,-11.265,1,0.263,0.791,0.00278,0.108,0.161,65.538,4
spotify:track:07zYusRvYr8nAZOBDguzWv,All Glass,song_089,Alfredo,Freddie Gibbs;The Alchemist,5/29/2020,153452,46,TRUE,1220903884,2026-05-01T20:30:16Z,"jazz rap,alternative hip hop,experimental hip hop,boom bap",ESGN / ALC / EMPIRE,0.39,0.776,4,-9.155,0,0.414,0.464,0.0000534,0.689,0.774,147.592,4
spotify:track:7EQvdUJqZ2i7SWvSB2VqGA,Doomsday,song_090,Operation: Doomsday (Complete),MF DOOM;Pebbles The Invisible Girl,10/19/1999,298053,74,TRUE,1220903884,2026-05-01T20:33:04Z,"experimental hip hop,east coast hip hop,jazz rap,alternative hip hop",Metalface Records,0.856,0.84,6,-7.736,0,0.334,0.0973,0,0.0773,0.792,95.416,4
