sample_id,song_id,Track URI,Track Name,Album Name,Artist Name(s),Release Date,Duration (ms),Popularity,Explicit,Added By,Added At,Genres,Record Label,Danceability,Energy,Key,Loudness,Mode,Speechiness,Acousticness,Instrumentalness,Liveness,Valence,Tempo,Time Signature
samp_001,song_001,spotify:track:3aNHSvKl9yJqBNK2M8OqbL,Stay with me,Stay with me,Gary Davis,3/13/2026,287320,9,FALSE,1220903884,2026-04-19T15:53:25Z,,Gary Davis,0.384,0.724,0,-5.926,0,0.0348,0.1,0.00414,0.084,0.429,143.495,4
samp_002,song_002,spotify:track:2gUIRwX5C4HlX4UzdHGORe,The Worst Band In The World,Sheet Music,10cc,6/6/2007,170040,30,FALSE,1220903884,2026-04-19T15:56:06Z,"yacht rock,art rock,glam rock",Hipgnosis Songs,0.64,0.645,11,-7.047,0,0.191,0.0175,0.00098,0.111,0.736,157.443,4
samp_003,song_002,spotify:track:3Miruku2Myz4Rb40y1XpI7,King Of The Beats Lesson #1,This Should Move Ya,Mantronix,1/1/1990,106840,21,FALSE,1220903884,2026-04-19T15:56:35Z,"new jack swing,old school hip hop,miami bass",Capitol Records,0.751,0.568,6,-13.061,0,0.15,0.000195,0.872,0.0612,0.651,119.305,4
samp_004,song_002,spotify:track:0MpC3S25sBcGkRssA9NZPg,Yes It's You,For Sweet People From Sweet Charles,Sweet Charles Sherrell,5/22/1974,190413,30,FALSE,1220903884,2026-04-19T15:56:56Z,,Universal Records,0.68,0.67,7,-8.214,1,0.0897,0.587,0.00123,0.204,0.783,96.639,4
samp_005,song_003,spotify:track:27ZSUIlp0BNXRQ3ZdMlj2L,Johnny Don't Do It,10cc,10cc,6/6/2007,220720,24,FALSE,1220903884,2026-04-19T16:11:03Z,"yacht rock,art rock,glam rock",Hipgnosis Songs,0.356,0.59,0,-7.1,1,0.0481,0.109,0,0.1,0.476,201.293,3
samp_006,song_003,spotify:track:4KAheAM6H8Gc0vKIiw8aHU,Join Me Please... (Home Boys - Make Some Noise),In Full Effect,Mantronix,1/1/1988,262133,10,FALSE,1220903884,2026-04-19T16:12:24Z,"new jack swing,old school hip hop,miami bass",Capitol Records,0.844,0.628,11,-13.507,0,0.148,0.00251,0.518,0.532,0.887,94.953,4
samp_007,song_003,spotify:track:3QRYMrUon7tWaz4UhUBgFr,Intro,"Dirty District, Vol. 2",B. R. Gunna,6/22/2004,35683,0,TRUE,1220903884,2026-04-19T16:12:39Z,,Ne’Astra Music,0.39,0.775,2,-6.137,1,0.247,0.823,0,0.0937,0.557,198.032,4
samp_008,song_004,spotify:track:5EWMey6EWacf5tu8X2JOeQ,Light My Fire,Music From “Lil Brown” - Remastered,Africa,1968,277002,23,FALSE,1220903884,2026-04-19T16:16:03Z,,Amuze,0.686,0.589,5,-11.715,0,0.0304,0.426,0,0.265,0.926,100.068,4
samp_009,song_004,spotify:track:6jASXHkedDBqvCoQ578Ozx,My Thang,Star Time,James Brown,1/1/1991,278933,17,FALSE,1220903884,2026-04-19T16:16:13Z,"funk,soul,motown,classic soul",Universal/Island Def Jam,0.496,0.745,3,-8.048,1,0.178,0.243,0,0.205,0.918,201.292,4
samp_010,song_005,spotify:track:0sm8Rp0LXjzcdeONiXpqkw,Whatcha Gonna Wear Tomorrow,I'm In Love With You,Detroit Emeralds,1/31/1973,249045,4,FALSE,1220903884,2026-04-20T05:06:30Z,northern soul,Westbound Records,0.657,0.546,2,-12.368,0,0.0528,0.579,0.000595,0.486,0.677,156.594,4
samp_011,song_005,spotify:track:0Mu1MYdE414HeybYSms5KK,The New Style,Licensed To Ill,Beastie Boys,11/15/1986,275546,53,FALSE,1220903884,2026-04-20T05:06:39Z,"rap rock,old school hip hop,east coast hip hop,hip hop",Def Jam Recordings,0.583,0.791,6,-7.191,0,0.45,0.0282,0,0.272,0.685,98.673,4
samp_012,song_006,spotify:track:5ezYm2LkW25YhkkTp7bC9u,You're Gonna Need Me,Just Being Myself,Dionne Warwick,1973,270200,44,FALSE,1220903884,2026-04-20T05:07:15Z,,Rhino,0.438,0.633,6,-11.798,0,0.0597,0.589,0.000135,0.185,0.746,167,4
samp_013,song_006,spotify:track:58LflM1owDAzQkYIL7ayCX,Why,Kiss Of Death,Jadakiss;Anthony Hamilton,1/1/2004,240000,52,TRUE,1220903884,2026-04-20T05:07:23Z,"east coast hip hop,neo soul,r&b,quiet storm",Ruff Ryders RECORDS,0.602,0.938,1,-3.378,0,0.238,0.0164,0,0.0612,0.562,168.417,4
samp_014,song_007,spotify:track:5zKAlrdrdEkBkylhwT3cqH,My People...Hold On,People... Hold On,Eddie Kendricks,1/1/1972,340200,31,FALSE,1220903884,2026-04-20T05:08:16Z,"motown,classic soul,philly soul,soul",UNI/MOTOWN,0.489,0.477,8,-13.62,1,0.114,0.629,0.0014,0.0763,0.54,144.854,4
samp_015,song_007,spotify:track:4tarOxu3XDRnP8REQrtoRb,Mujhe Maar Daalo - Geeta Mera Naam / Soundtrack Version,Geeta Mera Naam (Original Motion Picture Soundtrack),Asha Bhosle,1/1/1974,412733,24,FALSE,1220903884,2026-04-20T05:08:25Z,"ghazal,marathi pop,bangla pop,bollywood,hindi pop",Universal Music India Pvt Ltd.,0.435,0.582,1,-7.564,0,0.089,0.802,0.000216,0.144,0.541,77.62,4
samp_016,song_007,spotify:track:6rs1Jt3bqNdPN01kQeAXX5,"Here We Go - Live at the Funhouse, NYC - 1984",RUN-DMC (Expanded Edition),Run–D.M.C.,3/27/1984,244160,31,TRUE,1220903884,2026-04-20T05:08:41Z,"old school hip hop,east coast hip hop,hip hop",Arista/Legacy,0.912,0.954,5,-4.718,0,0.368,0.268,0,0.349,0.497,102.188,4
samp_017,song_008,spotify:track:0ggwNBt76BK7sn67uZ5LzA,Fruitman,Light Of Worlds,Kool & The Gang,1974-09,324266,26,FALSE,1220903884,2026-04-20T05:09:22Z,"disco,funk",Island Mercury,0.513,0.675,7,-9.551,1,0.0299,0.355,0.000216,0.0705,0.82,98.517,4
samp_018,song_008,spotify:track:3K0SJUQNbOkUprTFcwwAKN,Jungle Boogie,Wild And Peaceful,Kool & The Gang,1973-09,186533,63,FALSE,1220903884,2026-04-20T05:09:30Z,"disco,funk",Island Mercury,0.808,0.85,5,-8.772,1,0.0868,0.115,0.000109,0.316,0.717,106.855,4
samp_019,song_009,spotify:track:4upHDP3nzfFYotgyBAeOTF,"Golden Apples, Pt. II",The Nucleus,Galt MacDermot,1/1/2014,231240,19,FALSE,1220903884,2026-04-20T05:10:05Z,,Kilmarnock Records,0.528,0.715,8,-9.889,1,0.0296,0.865,0.812,0.12,0.622,111.973,4
samp_020,song_009,spotify:track:1hJ3UO953BZ5oW015BfckR,Dance Contest,Tinseltown Rebellion,Frank Zappa,5/17/1981,180306,13,FALSE,1220903884,2026-04-20T05:10:13Z,"progressive rock,psychedelic rock,art rock,jazz fusion,avant-garde,experimental",Frank Zappa Catalog,0.434,0.437,11,-14.617,0,0.257,0.083,0,0.556,0.521,92.121,4
samp_021,song_009,spotify:track:65CQSLIsCjbVyGXVRg97K4,Season Of The Witch,Halloween's Gravest Hits,Lou Rawls,9/25/2009,351653,15,FALSE,1220903884,2026-04-20T05:10:26Z,"philly soul,classic soul,soul blues",Capitol Records,0.422,0.803,2,-5.888,0,0.043,0.136,0.0000477,0.118,0.893,177.899,4
samp_022,song_010,spotify:track:5GoheMjTcV8xbbUUWchvjl,All I Do Is Think Of You,Moving Violation,The Jackson 5,5/15/1975,192813,46,FALSE,1220903884,2026-04-20T05:11:18Z,"motown,christmas",UNI/MOTOWN,0.545,0.642,8,-6.535,0,0.0379,0.571,0.00000344,0.0881,0.511,121.654,4
samp_023,song_010,spotify:track:0MpC3S25sBcGkRssA9NZPg,Yes It's You,For Sweet People From Sweet Charles,Sweet Charles Sherrell,5/22/1974,190413,30,FALSE,1220903884,2026-04-20T05:11:36Z,,Universal Records,0.68,0.67,7,-8.214,1,0.0897,0.587,0.00123,0.204,0.783,96.639,4
samp_024,song_010,spotify:track:465mgtftq97R0jsDqIVP7H,Strangers In The Night,For Sweet People From Sweet Charles,Sweet Charles Sherrell,5/22/1974,248426,7,FALSE,1220903884,2026-04-20T05:11:50Z,,Universal Records,0.461,0.316,5,-11.819,0,0.101,0.215,0.000163,0.106,0.685,146.135,4
samp_025,song_010,spotify:track:7fxVPmtBn6zyZvksMOUSd0,Dedicated To The One I Love,For Sweet People From Sweet Charles,Sweet Charles Sherrell,5/22/1974,241066,5,FALSE,1220903884,2026-04-20T05:12:07Z,,Universal Records,0.412,0.431,0,-8.689,0,0.0297,0.605,0.000135,0.292,0.365,93.041,3
samp_026,song_011,spotify:track:5xdwQ9iprF5APeEZcuu6tn,You Just Can't Win (By Making The Same Mistake),Iceman: The Mercury Years,Jerry Butler,1/1/1992,156493,5,FALSE,1220903884,2026-04-20T05:16:08Z,"philly soul,classic soul,northern soul,doo-wop,motown,soul",Island Def Jam,0.586,0.736,5,-10.852,1,0.0464,0.136,0,0.138,0.803,113.289,4
samp_027,song_011,spotify:track:1TzF9zFN2vP0v4cCXe48b2,Dreams,Funky Serenity,Ramsey Lewis,2/2/1973,579160,7,FALSE,1220903884,2026-04-20T05:16:18Z,"jazz funk,smooth jazz,soul jazz,northern soul,jazz",Columbia/Legacy,0.526,0.512,7,-16.235,1,0.22,0.113,0.563,0.36,0.559,167.929,4
samp_028,song_011,spotify:track:6SN51pk4UOfKa9Q9DoXEtF,Ball Of Confusion (That's What The World Is Today) - Single Version/Mono,"20th Century Masters: The Millennium Collection: Best Of The Temptations, Vol. 2 - The '70s, '80s, '90s",The Temptations,1/11/2000,246200,49,FALSE,1220903884,2026-04-20T05:16:34Z,"motown,classic soul,soul",UNI/MOTOWN,0.529,0.735,5,-8.153,1,0.0896,0.238,0,0.102,0.862,79.002,4
samp_029,song_011,spotify:track:6MOEQCtAWNSCmvg3SFKF5y,Season of the Witch,Sunshine Superman,Donovan,1966-09,293933,59,FALSE,1220903884,2026-04-20T05:16:49Z,"folk rock,psychedelic rock",Epic,0.516,0.513,2,-10.762,1,0.0288,0.159,0.00957,0.0612,0.694,99.735,4
samp_030,song_012,spotify:track:56oYFu8mvIdRQjKSFVmlfV,I Don't Really Care,Chilled Beats 034,L. V. Johnson,6/3/2024,305260,16,FALSE,1220903884,2026-04-20T05:30:50Z,,HOT-Q,0.578,0.7,0,-4.624,1,0.124,0.885,0.0000564,0.608,0.792,79.018,4
samp_031,song_012,spotify:track:2VRPZo2QBfnY9JKxgtDg66,Bendix 1: The Tomorrow People,"Manhattan Research, Inc.",Raymond Scott,2000,66693,14,FALSE,1220903884,2026-04-20T05:31:02Z,"exotica,musique concrète,electroacoustic,avant-garde",Basta Audio-Visuals,0.579,0.391,6,-18.39,0,0.914,0.938,0,0.246,0.683,101.459,3
samp_032,song_013,spotify:track:1BKr6cOqKMIJA0KzQJ79OZ,Lightworks,"Manhattan Research, Inc.",Raymond Scott,2000,100000,8,FALSE,1220903884,2026-04-20T05:31:34Z,"exotica,musique concrète,electroacoustic,avant-garde",Basta Audio-Visuals,0.51,0.29,10,-21.966,0,0.0595,0.963,0.913,0.114,0.544,169.265,4
samp_033,song_013,spotify:track:3lFU59P1fQNGwxYz3zpH4G,Bendix 2: The Tomorrow People,"Manhattan Research, Inc.",Raymond Scott,2000,63573,8,FALSE,1220903884,2026-04-20T05:31:49Z,"exotica,musique concrète,electroacoustic,avant-garde",Basta Audio-Visuals,0.539,0.415,5,-17.344,0,0.758,0.977,0.0000032,0.124,0.757,80.407,4
samp_034,song_013,spotify:track:47gBIQRtuM5hFBLbHdK1fl,Cyclic Bit #1,Three Willow Park (Electronic Music from Inner Space 1961–1971),Raymond Scott,6/30/2017,8400,0,FALSE,1220903884,2026-04-20T05:32:13Z,"exotica,musique concrète,electroacoustic,avant-garde",Basta Music,0,0.127,4,-16.527,1,0,0.00699,0,0.0864,0,0,0
samp_035,song_014,spotify:track:3O2K8q0nLo5gcIOLs9TFue,Long Red,Mountain,Mountain,1969,195560,21,FALSE,1220903884,2026-04-20T05:32:50Z,"classic rock,blues rock,southern rock",Columbia/Legacy,0.768,0.343,7,-11.541,1,0.036,0.675,0.015,0.093,0.551,91.113,4
samp_036,song_015,spotify:track:4kP69y3GKHi9tXckfgp4bK,For Once In My Life,For Once In My Life,Stevie Wonder,12/1/1968,169800,73,FALSE,1220903884,2026-04-20T05:33:23Z,"motown,classic soul,soul",Motown,0.524,0.519,6,-11.903,1,0.043,0.195,0,0.523,0.847,110.121,4
samp_037,song_015,spotify:track:1yAmCZP3GnYNYNUYb5Cs28,Kick The Can,Get It On,London Bus Stop,1/1/2003,208600,24,FALSE,1220903884,2026-04-20T05:33:38Z,,Forman Bros. Recordings,0.799,0.995,11,-5.666,0,0.0552,0.013,0.0602,0.0499,0.924,144.035,4
samp_038,song_015,spotify:track:1A8gqfrso63AC4XVW6DTTw,Cloud Nine,Cloud Nine,The Temptations,1/1/1969,211693,45,FALSE,1220903884,2026-04-20T05:33:49Z,"motown,classic soul,soul",Motown,0.736,0.45,7,-14.104,1,0.0583,0.354,0,0.0689,0.82,118.042,4
samp_039,song_015,spotify:track:4gCo2r1gCEw70OAq9cF1uW,Buffalo Gals,Duck Rock,Malcolm McLaren,1983,259426,41,FALSE,1220903884,2026-04-20T05:34:00Z,ballroom vogue,Virgin Catalogue,0.881,0.636,4,-13.617,0,0.156,0.0257,0.000257,0.207,0.616,108.863,4
samp_040,song_015,spotify:track:3iGtu69TVhOuGVZY6PXcza,Dust A Sound Boy,Reggae Anthology: Winston Riley - Quintessential Techniques,Super Beagle,10/16/2009,217840,29,FALSE,1220903884,2026-04-20T05:34:09Z,"dancehall,reggae,ragga",VP Records,0.783,0.648,0,-4.477,1,0.327,0.292,0,0.122,0.682,166.567,4
samp_041,song_015,spotify:track:5aZFsy9YX9jqP7v7Hxhjam,His Name Is Mutty Ranks,The Love Movement,A Tribe Called Quest,9/29/1998,116266,31,FALSE,1220903884,2026-04-20T05:34:19Z,"jazz rap,east coast hip hop,old school hip hop,hip hop",Jive,0.813,0.532,1,-7.515,1,0.506,0.0579,0.00000793,0.309,0.858,92.064,4
samp_042,song_015,spotify:track:5AdfdWns4hf8ZzK1tQL4DF,Funky Soul Makossa,Streetwise Records: The Complete Collection,Nairobi,3/23/2018,296253,21,FALSE,1220903884,2026-04-20T05:34:34Z,,Streetwise Records/Partytime Records,0.916,0.828,6,-7.715,1,0.135,0.0413,0.00000524,0.0618,0.791,118.081,4
samp_043,song_016,spotify:track:7LyjOVrLQVCNk2CIZmAJJb,A Legend In Its Own Time,Four In Blue,Smokey Robinson & The Miracles,1/1/1969,201093,13,FALSE,1220903884,2026-04-20T05:35:13Z,"motown,classic soul,northern soul,soul",UNI/MOTOWN,0.393,0.55,2,-11.279,1,0.0361,0.203,0,0.0806,0.679,156.217,4
samp_044,song_016,spotify:track:4XLvVOpUH0r4cQvO1iQIh5,King Tim III (Personality Jock),XII,Fatback Band,1/1/1979,373133,19,FALSE,1220903884,2026-04-20T05:35:20Z,"funk,post-disco,jazz funk",Ace Records,0.84,0.525,0,-13.747,1,0.171,0.0247,0.00103,0.16,0.802,119.6,4
samp_045,song_016,spotify:track:6rs1Jt3bqNdPN01kQeAXX5,"Here We Go - Live at the Funhouse, NYC - 1984",RUN-DMC (Expanded Edition),Run–D.M.C.,3/27/1984,244160,31,TRUE,1220903884,2026-04-20T05:35:56Z,"old school hip hop,east coast hip hop,hip hop",Arista/Legacy,0.912,0.954,5,-4.718,0,0.368,0.268,0,0.349,0.497,102.188,4
samp_046,song_017,spotify:track:4BLqx84IpussVxrUGOMLOX,Only One Can Win,The Sylvers,The Sylvers,1972,184746,31,FALSE,1220903884,2026-04-20T05:36:26Z,disco,Mr Bongo,0.659,0.667,7,-6.084,1,0.0782,0.695,0,0.379,0.773,153.812,4
samp_047,song_018,spotify:track:4sA0FZOLN4c0MYmP8cKOEk,I Can't Stand (To See You Cry),Hits Anthology,The Escorts,2011,192261,28,FALSE,1220903884,2026-04-20T05:38:00Z,"classic soul,doo-wop",Essential Media Group,0.254,0.482,1,-13.57,1,0.0374,0.0683,0,0.199,0.55,106.354,3
samp_048,song_018,spotify:track:0dWqlt2S0fRDfqD4joblWd,Hello Young Lovers,In A Mellow Mood,The Temptations,1/1/1967,177960,12,FALSE,1220903884,2026-04-20T05:38:19Z,"motown,classic soul,soul",Budget (MT),0.333,0.445,0,-7.462,1,0.0305,0.119,0,0.0999,0.674,183.73,3
samp_049,song_019,spotify:track:1DpRBwvkU279OxZ24181l7,Family Tree,Tin Tin (Toast And Marmalade For Tea),Tintin,2/1/1970,149600,6,FALSE,1220903884,2026-04-20T05:39:05Z,baroque pop,UMC (Universal Music Catalogue),0.339,0.547,5,-11.812,1,0.0438,0.203,0.147,0.492,0.659,162.907,4
samp_050,song_019,spotify:track:0wHOUqelLDOXS0ccxUnX5Q,Pee-Wee's Dance,Pee-Wee's Dance,Joeski Love,1986,276735,27,FALSE,1220903884,2026-04-20T05:39:14Z,,EAMS,0.831,0.761,11,-11.66,1,0.554,0.0421,0.000008,0.126,0.423,178.914,4
samp_051,song_019,spotify:track:0oDMfJPsy7KSOutlDVtOfO,Emergency Program Over-Ride,How Time Flys,David Ossman,9/21/1973,352262,1,FALSE,1220903884,2026-04-20T05:39:26Z,,Columbia/Legacy,0.64,0.583,1,-8.976,1,0.909,0.832,0,0.109,0.657,87.16,3
samp_052,song_020,spotify:track:2lkh1mbZ6WoOgfD8J7GZqx,U.F.O,The Moody EP,ESG,2015,177773,18,FALSE,1220903884,2026-04-20T05:39:55Z,"post-punk,post-disco",Fire Records,0.483,0.518,8,-11.931,1,0.2,0.000201,0.903,0.108,0.123,139.119,4
samp_053,song_020,spotify:track:3MFPC5at1Jx9mRXd1syiY1,Charlie's Theme,Charlie's Theme,Pelleas,3/9/2023,79231,18,FALSE,1220903884,2026-04-20T05:40:19Z,"celtic,medieval",ValleyStrings,0.501,0.18,0,-18.25,0,0.0891,0.983,0.937,0.148,0.659,142.734,4
samp_054,song_021,spotify:track:2fiu7gHgMvJbwdAhXro5rb,Sweet Misery,Martha Reeeves,Martha Reeves,1/1/2005,232906,15,FALSE,1220903884,2026-04-20T05:41:11Z,"northern soul,motown",Hip-O Select,0.724,0.62,4,-7.755,1,0.0658,0.0451,0,0.141,0.83,95.814,4
samp_055,song_021,spotify:track:5Q9Ma9lId3zM1GS5bEFQcb,For Once In My Life,The Definitive Collection (Deluxe Edition),Stevie Wonder,10/29/2002,168720,46,FALSE,1220903884,2026-04-20T05:41:23Z,"motown,classic soul,soul",UNI/MOTOWN,0.572,0.646,6,-8.262,1,0.0379,0.152,0,0.142,0.821,109.233,4
samp_056,song_021,spotify:track:39AVclDlvjEGVG7Ccjzhxt,"Sing A Simple Song - Live At Fox Theatre, Detroit, MI/1969",Motortown Revue Live,The Originals,1/1/1969,220025,1,FALSE,1220903884,2026-04-20T05:42:15Z,"northern soul,motown,classic soul",UNI/MOTOWN,0.457,0.901,3,-7.528,1,0.0635,0.299,0.0000153,0.73,0.764,104.186,4
samp_057,song_021,spotify:track:2iaWwsOKvHhi9j3H7Qdizm,I Can't Turn You Loose,The Very Best of Otis Redding,Otis Redding,11/6/1992,159626,44,FALSE,1220903884,2026-04-20T05:43:07Z,"motown,soul,classic soul,soul blues",Rhino Atlantic,0.83,0.886,2,-6.663,0,0.0338,0.552,0.0364,0.361,0.982,126.698,4
samp_058,song_023,spotify:track:1I3xgRAsHGDMaRHsawyN45,To The Other Man,Pity for the Lonely,Luther Ingram,1966,242800,16,FALSE,1220903884,2026-04-20T05:43:49Z,"classic soul,northern soul",LocoBop,0.505,0.501,3,-7.97,1,0.0394,0.516,0,0.12,0.508,137.33,4
samp_059,song_024,spotify:track:30qGwfY1Vuc4Xbdswn3cjF,Rubber Band,The Legendary Zing Album,The Trammps,6/1/1975,316788,43,FALSE,1220903884,2026-04-20T05:44:57Z,"disco,philly soul,northern soul",Buddah/Legacy,0.728,0.669,1,-12.314,0,0.0309,0.333,0.000924,0.131,0.822,97.962,4
samp_060,song_024,spotify:track:30Y7FE1M6Zx9SkVWwJhSJs,No Games,Champion Sound,Jaylib;Madlib;J Dilla,2003,152400,24,TRUE,1220903884,2026-04-20T05:45:22Z,"alternative hip hop,underground hip hop,east coast hip hop,experimental hip hop,jazz rap,plunderphonics",Stones Throw Records,0.571,0.569,10,-11.032,0,0.299,0.0849,0,0.228,0.678,89.029,4
samp_061,song_025,spotify:track:1X9m2vctL8evJnZhCqEbUg,Walk On By,The Law Of The Land (Expanded Edition),The Undisputed Truth,2/23/1973,229293,22,FALSE,1220903884,2026-04-20T05:46:39Z,"motown,classic soul",UNI/MOTOWN,0.495,0.243,5,-13.48,1,0.0309,0.747,0.0000671,0.0742,0.587,81.246,4
samp_062,song_026,spotify:track:39v0PIZDBGdEbcfbYE2TCj,Animosity,The Weinberg Method of Nonsynthetic Electronic Rock,Fred Weinberg,11/8/2011,169692,5,FALSE,1220903884,2026-04-20T05:48:18Z,musique concrète,VISION RECORDS,0.79,0.472,9,-12.405,1,0.394,0.0159,0,0.0668,0.621,115.882,4
samp_063,song_026,spotify:track:7wKt2GUDCCzK1dRFs2wfDC,Mean Old Devil,Electric Lucifer Book II,Bruce Haack,8/5/2014,209000,16,FALSE,1220903884,2026-04-20T05:48:27Z,space rock,Telephone Explosion Records,0.845,0.418,1,-17.579,0,0.42,0.864,0.833,0.578,0.796,124.737,4
samp_064,song_027,spotify:track:0rLKAokRZwKWSiu06eSZiy,Just Because I Really Love You,The Ice Man Cometh,Jerry Butler,11/1/1968,158360,37,FALSE,1220903884,2026-04-20T05:49:15Z,"philly soul,classic soul,northern soul,doo-wop,motown,soul",Mercury Records,0.39,0.441,7,-10.443,1,0.0369,0.656,0.000714,0.455,0.531,146.283,3
samp_065,song_028,spotify:track:2VJUb4hrOmugyRDMOJbkEK,Maybe,So Much Love (Expanded Edition),The Three Degrees,1/15/2016,337946,27,FALSE,1220903884,2026-04-20T05:50:00Z,"philly soul,disco,motown",Rhino,0.491,0.248,8,-13.117,1,0.0642,0.209,0,0.114,0.277,135.551,3
samp_066,song_029,spotify:track:6DVOThiin61bmeIwf6fzGx,"Don't Say Goodnight (It's Time for Love), Pts. 1 & 2",Go All the Way,The Isley Brothers,8/21/1980,345112,43,FALSE,1220903884,2026-04-20T05:50:30Z,"motown,quiet storm,soul,classic soul,funk,northern soul",Epic/Legacy,0.462,0.248,9,-10.957,1,0.0365,0.856,0.014,0.181,0.276,99.042,4
samp_067,song_030,spotify:track:0WfnR1cYX7fL0govEK7Ai4,To You With Love,There's a Moon Out Tonight,The Capris,11/26/1959,209546,20,FALSE,1220903884,2026-04-20T05:51:09Z,doo-wop,Universal Digital Enterprises,0.34,0.291,5,-3.755,1,0.0279,0.273,0.000331,0.113,0.193,75.591,4
samp_068,song_030,spotify:track:3xIHOyVdwyb8Vdh7Pu45Qm,Rainbow '65,Soul Master,Gene Chandler,1/1/1995,165200,12,FALSE,1220903884,2026-04-20T05:51:17Z,"doo-wop,northern soul",Geffen,0.386,0.429,6,-13.998,1,0.432,0.522,0.00000543,0.289,0.675,177.534,3
samp_069,song_031,spotify:track:2h7A00Xc3UHDyGSLpKnBxa,When I Die,When I Die,Motherlode,1/1/1969,202360,39,FALSE,1220903884,2026-04-20T05:53:20Z,,Legacy Recordings,0.34,0.561,5,-8.927,0,0.0294,0.0678,0.00479,0.0946,0.653,175.748,4
samp_070,song_031,spotify:track:3eISwxjvPCNERpAlhOZea0,Bruiser La Rue,Hudson & Landry Greatest Hits Vol. 1,Hudson & Landry,3/28/2014,270533,3,FALSE,1220903884,2026-04-20T05:53:36Z,"comedy,spoken word",I.T.P. Records,0.571,0.506,1,-16.744,1,0.897,0.917,0.00000457,0.681,0.721,114.603,4
samp_071,song_032,spotify:track:2JMOEBXhwGxrJGowaXMp7L,Love Theme From The Robe - Remastered 2023,Eastern Sounds (Remastered 2023),Yusef Lateef,2/2/2024,242088,48,FALSE,1220903884,2026-04-20T05:54:40Z,"jazz,hard bop,free jazz,avant-garde",Craft Recordings,0.517,0.166,7,-20.992,1,0.0779,0.966,0.958,0.0787,0.393,65.656,4
samp_072,song_032,spotify:track:1fDsrQ23eTAVFElUMaf38X,American Pie,American Pie,Don McLean,1971,516893,81,FALSE,1220903884,2026-04-20T05:55:43Z,,Capitol Records,0.529,0.482,4,-11.709,0,0.0599,0.7,0,0.0842,0.492,138.453,4
samp_073,song_033,spotify:track:6AkGkimvrVzVe8Btgy0FRL,Ordinary Joe,Occasional Rain,Terry Callier,1/1/1972,253413,38,FALSE,1220903884,2026-04-20T05:56:35Z,northern soul,Geffen*,0.661,0.475,0,-12.828,1,0.103,0.468,0.0000114,0.17,0.821,125.038,4
samp_074,song_033,spotify:track:0mWyQb9EY10LvTJyRnrrtI,Torpedo Girl,Unmasked,KISS,5/20/1980,225360,31,FALSE,1220903884,2026-04-20T05:56:43Z,"glam rock,glam metal,hard rock,rock,classic rock",Casablanca Records,0.599,0.924,9,-7.623,1,0.0454,0.0124,0.00000709,0.174,0.808,113.549,4
samp_075,song_034,spotify:track:0nLMCjn4wxv77gfCLeEZy4,I Miss You,この道の向こうに,Noriko Kose,6/12/2013,454000,26,FALSE,1220903884,2026-04-20T05:58:03Z,,ウィル・ハーモニー,0.196,0.111,7,-16.536,1,0.0403,0.968,0.248,0.0649,0.0578,84.239,4
samp_076,song_034,spotify:track:0QPlXuwf2Roz1AkDzmSDuC,Haven't We Met?,Because of You,Kenny Rankin,9/27/1991,184333,0,FALSE,1220903884,2026-04-20T06:02:01Z,,Chesky Records,0.592,0.154,9,-19.986,1,0.0372,0.848,0.000067,0.125,0.534,102.999,1
samp_077,song_035,spotify:track:0NciAZ9WnxZTx39p0YaTjV,Tens (Calmaria),Especial,Nana Caymmi,5/23/1990,163654,26,FALSE,1220903884,2026-04-20T06:03:40Z,"mpb,bossa nova,bolero",CID,0.232,0.243,1,-13.441,0,0.0309,0.97,0.178,0.121,0.157,148.332,4
samp_078,song_035,spotify:track:6gCHT9zsAnXMYZ61a2c4kG,Dirty Feet,The Exciting Daly-Wilson Big Band,DALY-WILSON BIG BAND;Kerrie Biddell,3/30/2020,212613,18,FALSE,1220903884,2026-04-20T06:03:49Z,breakbeat,Elephant Records,0.617,0.686,5,-7.579,0,0.0334,0.0162,0.289,0.0271,0.711,107.07,4
samp_079,song_035,spotify:track:58Nt6AdOsu3BzRBEbGnmaW,R: Rabies - Route,American Pronunciation,Abraham Lass;Betty Lass,1/1/1977,191640,0,FALSE,1220903884,2026-04-20T06:04:55Z,ragtime,Folkways Records,0.624,0.0971,8,-20.769,0,0.911,0.175,0,0.171,0.373,163.082,3
samp_080,song_036,spotify:track:630r1pg6HZeP0UXDdFAcDi,The Blue Necklace - 2010 Remaster,Under The Jasmin Tree / Space,The Modern Jazz Quartet,1/1/2010,295413,14,FALSE,1220903884,2026-04-20T06:07:44Z,"cool jazz,jazz,hard bop,bebop,jazz ballads",EMI Catalogue,0.537,0.268,5,-17.432,0,0.0689,0.54,0,0.118,0.616,96.822,4
samp_081,song_037,spotify:track:3oz50kNixpP5LV7z35460N,Love Theme From 'Spartacus',Conversations With Myself,Bill Evans,1963,308400,41,FALSE,1220903884,2026-04-20T06:10:18Z,"jazz,cool jazz,jazz ballads,bebop,hard bop",Verve,0.41,0.12,2,-22.071,1,0.0399,0.989,0.925,0.121,0.347,128.436,4
samp_082,song_037,spotify:track:1Hd1LiHrVX7lWEXiZZQZgY,God Make Me Funky,Survival Of The Fittest,The Headhunters,4/3/1975,579533,40,FALSE,1220903884,2026-04-20T06:10:30Z,"jazz funk,jazz fusion,funk",Arista/Legacy,0.615,0.841,2,-7.671,1,0.136,0.226,0.178,0.0553,0.847,96.98,4
samp_083,song_038,spotify:track:3ZikLQCnH3SIswlGENBcKe,My Favorite Things,My Favorite Things,John Coltrane,1961,824133,50,FALSE,1220903884,2026-04-20T06:12:18Z,"jazz,hard bop,free jazz,bebop,jazz ballads,cool jazz",Rhino Atlantic,0.277,0.242,4,-18.442,1,0.0342,0.694,0.464,0.113,0.285,175.384,3
samp_084,song_039,spotify:track:0ZQdXzgclSL0nZhvzigX5G,Gypsy Queen Part Two,Gypsy,Gypsy,7/29/2022,147253,17,FALSE,1220903884,2026-04-20T06:13:19Z,"progressive rock,psychedelic rock","Sundazed Music, Inc.",0.363,0.462,7,-10.038,0,0.0346,0.657,0.261,0.517,0.664,102.338,4
samp_085,song_039,spotify:track:6vvJPoYyi12TLZCQKN6IaP,Skin Deep featuring drum duet by Jack Parnell and Phil Seamen,Archive '52-'55,Jack Parnell,6/20/2011,176466,0,FALSE,1220903884,2026-04-20T06:13:35Z,big band,The Digital Gramophone,0.511,0.705,5,-14.081,0,0.107,0.766,0.796,0.0477,0.286,107.071,4
samp_086,song_040,spotify:track:0f5Z0dzfR82h5uKLC8DaWh,Betcha If You Check It Out,Lofi,OMA,3/25/2026,89636,33,FALSE,1220903884,2026-04-20T06:15:06Z,,OMA Recordings,0.701,0.87,1,-7.451,1,0.0304,0.782,0.909,0.138,0.881,125.849,4
samp_087,song_040,spotify:track:5WvuwQ9U5qh0enH4NxnkYr,Can't You See Me,You Send Me,Roy Ayers,1978,418173,30,FALSE,1220903884,2026-04-20T06:15:15Z,"jazz funk,acid jazz,funk",Verve Reissues,0.733,0.824,7,-8.9,1,0.0466,0.292,0.026,0.0552,0.777,115.128,4
samp_088,song_041,spotify:track:1jtt5j3DoK8R9OEz2AEAOW,Aquarius - Instrumental,Black Talk! (RVG Remaster),Charles Earland,1970,481826,19,FALSE,1220903884,2026-04-20T06:17:54Z,"jazz funk,soul jazz,hard bop,acid jazz,jazz fusion",Prestige,0.55,0.796,9,-9.2,0,0.0523,0.485,0.0249,0.309,0.773,123.959,4
samp_089,song_042,spotify:track:3WMVzkKjKQ07IT3Ao13FOH,After The Morning,Hicks Time,John Hicks,1/1/1998,390226,24,FALSE,1220903884,2026-04-20T06:21:50Z,"hard bop,jazz ballads,jazz",Passin Thru,0.392,0.134,0,-20.97,0,0.0427,0.995,0.917,0.114,0.0866,114.666,4
samp_090,song_042,spotify:track:66iKqUazBbTlAEjcZrpDkD,What A Diff'rence A Day Made,What A Diff'rence A Day Makes! (Expanded Edition),Dinah Washington,2/19/1959,151866,63,FALSE,1220903884,2026-04-20T06:21:58Z,"vocal jazz,jazz",Verve Reissues,0.355,0.117,0,-17.803,1,0.0303,0.926,0.000168,0.109,0.165,93.419,3
samp_091,song_043,spotify:track:0vG0HhrHcoWLqJicyLR0G6,What'll I Do,She Was Too Good To Me,Chet Baker,1974,234666,13,FALSE,1220903884,2026-04-20T06:22:58Z,"jazz,cool jazz,vocal jazz,jazz ballads",CBS Associated,0.331,0.0525,1,-23.973,1,0.0367,0.97,0.911,0.101,0.0743,127.753,5
samp_092,song_043,spotify:track:2lelL3LmZgAHG2dHlEerMG,Govinda,Open The Doors To Your Heart,J.O.B. Orquestra,4/11/1978,400000,22,FALSE,1220903884,2026-04-20T06:23:07Z,,Guest List Records,0.383,0.527,2,-11.87,0,0.0629,0.715,0.0993,0.0919,0.428,148.463,4
samp_093,song_043,spotify:track:4xQvvwFiWaJXwwqQxCs6Nh,"Symbiosis, 2nd Movement: Largo - Andante - Maestoso - Largo, Pt.1",Symbiosis,Bill Evans,1974,553244,26,FALSE,1220903884,2026-04-20T06:23:18Z,"jazz,cool jazz,jazz ballads,bebop,hard bop",MPS,0.369,0.0889,4,-22.206,0,0.0381,0.911,0.882,0.104,0.0388,120.489,4
samp_094,song_044,spotify:track:4309567j2al2KMBy8Nnuuv,Feelin' Blue,Sum of the Parts,Larry Ridley,6/30/1997,361506,18,FALSE,1220903884,2026-04-20T06:24:05Z,"jazz funk,jazz fusion,soul jazz",Naima Records,0.457,0.492,2,-14.109,1,0.0376,0.668,0.298,0.0847,0.326,119.833,4
samp_095,song_045,spotify:track:5OCZRdcb9h95jGFMHRfmVL,Light On The Land,The Art Of Nature,Michael Gettel,1/1/1995,370666,15,FALSE,1220903884,2026-04-20T06:25:01Z,new age,Narada,0.431,0.405,4,-16.221,1,0.0278,0.341,0.933,0.0907,0.171,95.013,4
samp_096,song_046,spotify:track:1oYdd34UsikJGKxAKl8aXH,Contrast,"My Brother the Wind, Vol. 2",Sun Ra,1970,174245,7,FALSE,1220903884,2026-04-20T06:26:01Z,"free jazz,experimental jazz,jazz,avant-garde,hard bop",Enterplanetary Koncepts,0.316,0.126,8,-18.809,1,0.0439,0.532,0.683,0.203,0.124,78.743,3
samp_097,song_046,spotify:track:5ELrjV9uLlQTTvuiDfCzEH,Beach Trip,Hawaii Five-O (Original Television Soundtrack),Mort Stevens And His Orchestra,1/1/2010,153800,6,FALSE,1220903884,2026-04-20T06:26:16Z,,Capitol Records,0.407,0.295,4,-18.091,0,0.0305,0.0021,0.428,0.0717,0.183,121.084,4
samp_098,song_047,spotify:track:1YF9BUkB3vGOcGpAx8pRrt,Experience,Invention,Daedelus,4/30/2002,128754,34,FALSE,1220903884,2026-04-20T06:27:08Z,"idm,plunderphonics",Magical Properties,0.365,0.436,3,-12.557,0,0.0591,0.591,0.382,0.142,0.313,102.541,4
samp_099,song_048,spotify:track:2ExLAKsOR30rI7dj9zj8JB,Sleeping In A Jar,Ahead Of Their Time,Frank Zappa;The Mothers Of Invention,3/23/1993,144093,7,FALSE,1220903884,2026-04-20T06:27:52Z,"progressive rock,psychedelic rock,art rock,jazz fusion,avant-garde,experimental,acid rock",Frank Zappa Catalog,0.315,0.349,5,-14.319,1,0.0504,0.0325,0.269,0.439,0.307,125.808,4
samp_100,song_048,spotify:track:5452MwhVA67RkZBcnr88WQ,Hula Rock,The Super Sounds Of Bosworth,The Lew Howard All-Stars,11/5/2007,141640,27,FALSE,1220903884,2026-04-20T06:28:01Z,,Trunk Records,0.593,0.287,0,-21.807,1,0.274,0.766,0.807,0.104,0.568,81.536,4
samp_101,song_049,spotify:track:2S3y1O4064v8FJy8kKvVbm,Thuggin It Up,Death Threatz (feat. CMW),MC Eiht,7/24/1995,246426,24,FALSE,1220903884,2026-04-20T06:28:59Z,"west coast hip hop,g-funk,gangster rap",Epic Street,0.633,0.68,0,-9.078,1,0.168,0.148,0.0000154,0.263,0.397,170.105,4
samp_102,song_049,spotify:track:0LRJldwVKhpOubrzixZmx5,When Love Calls,Radiant,Atlantic Starr,1/1/1980,270053,46,FALSE,1220903884,2026-04-20T06:31:28Z,"quiet storm,classic soul",A&M,0.806,0.697,8,-7.265,0,0.031,0.00649,0.0000666,0.059,0.714,106.069,4
samp_103,song_050,spotify:track:2tR2Ko4LEejCG1o5taXSmg,"Nardis - Live At The Montreux Jazz Festival, 1968",Bill Evans - At The Montreux Jazz Festival,Bill Evans;BOB SCHWARZ,1968,503933,20,FALSE,1220903884,2026-04-20T06:32:10Z,"jazz,cool jazz,jazz ballads,bebop,hard bop",Verve Reissues,0.406,0.396,9,-22.072,0,0.0583,0.515,0.555,0.659,0.56,100.97,4
samp_104,song_050,spotify:track:32AeomIdIpPTcGl9rc3o5D,America Latina,Brasil Bam Bam Bam (Gilles Peterson Presents Sonzeira),Sonzeira;Marcos Valle;Patricia Alvi,1/1/2014,292120,21,FALSE,1220903884,2026-04-20T06:33:25Z,"bossa nova,brazilian jazz",EMI,0.706,0.728,7,-9.848,0,0.0502,0.835,0.0000603,0.248,0.661,110.062,3
samp_105,song_050,spotify:track:4wLd4n4JqfWZx4jI2XPW2F,Computer Games,Computer Games,George Clinton,1/1/1982,406533,24,FALSE,1220903884,2026-04-20T06:33:36Z,funk,Capitol Records,0.786,0.732,7,-13.512,1,0.12,0.0948,0.00447,0.131,0.626,122.06,4
samp_106,song_051,spotify:track:4SsOrMpeatqIJxsTNSUwwy,Ninety Nine And One-Half,Fever Tree,Fever Tree,1968,167160,16,FALSE,1220903884,2026-04-22T00:58:14Z,"psychedelic rock,acid rock",Geffen,0.304,0.807,9,-6.696,1,0.0427,0.0349,0.00052,0.331,0.847,98.328,4
samp_107,song_051,spotify:track:1tVAblkpwlHpALeyy0RpzU,Come Out,Early Works,Steve Reich,9/13/2005,778773,14,FALSE,1220903884,2026-04-22T00:58:21Z,"minimalism,contemporary classical,avant-garde,musique concrète,electroacoustic,classical,experimental",Nonesuch,0.469,0.333,9,-22.567,0,0.0439,0.993,0.000733,0.0933,0.205,101.17,4
samp_108,song_051,spotify:track:6aKFAhG7hCy71wLDMKjP5G,In The Rain,The Very Best Of The Dramatics,The Dramatics,1/1/2007,209213,53,FALSE,1220903884,2026-04-22T00:58:30Z,"classic soul,soul,philly soul,quiet storm,motown",Stax,0.421,0.514,8,-9.52,0,0.049,0.591,0.0000897,0.337,0.564,145.653,4
samp_109,song_051,spotify:track:4CVQ1T7cnLO4RGviWX7pOB,Atlantis,Atlantis,Sun Ra,4/1/2014,1313778,8,FALSE,1220903884,2026-04-22T00:58:39Z,"free jazz,experimental jazz,jazz,avant-garde,hard bop",Enterplanetary Koncepts,0.233,0.864,7,-12.952,0,0.305,0.829,0.655,0.67,0.036,104.815,4
samp_110,song_051,spotify:track:2W9KcPFr43x9hWWY8VwShO,Blunted,Smokefest,Phil The Agony,2003,251440,11,TRUE,1220903884,2026-04-22T00:59:02Z,underground hip hop,Strong Arm Music,0.68,0.781,11,-8.114,1,0.52,0.39,0,0.0775,0.862,171.153,4
samp_111,song_051,spotify:track:31EDXE6zc93i5K1slBANAM,Listening to Music,A Child's Garden Of Grass,Jack Margolis;Jere Alan Brain,7/26/2005,128720,2,FALSE,1220903884,2026-04-22T00:59:16Z,"spoken word,comedy",Rhino/Warner Records,0.613,0.217,0,-13.753,1,0.468,0.802,0.00312,0.304,0.672,118.128,4
samp_112,song_051,spotify:track:2Qj2igdQYkPVMg5kK3bR1J,Sayin' Somethin',The Truth Hurts,Edo. G,2001,232466,27,TRUE,1220903884,2026-04-22T00:59:26Z,"boom bap,underground hip hop,east coast hip hop",5th & Union,0.647,0.914,6,-4.851,0,0.285,0.098,0,0.295,0.68,93.496,4
samp_113,song_051,spotify:track:6PmVP5ErsUGEMAcxe9l4dt,You Can Get Up Before Noon Without Being A Square,Brer Soul,Melvin Van Peebles,1/1/1968,208572,0,FALSE,1220903884,2026-04-22T00:59:39Z,ethiopian jazz,A&M,0.513,0.108,10,-13.895,1,0.0582,0.65,0.000135,0.112,0.0781,97.746,4
samp_114,song_051,spotify:track:3wB0FPg7QFDEkvRBam0qKg,The Light,Internal Affairs,Pharoahe Monch,10/18/2019,216240,28,TRUE,1220903884,2026-04-22T00:59:53Z,"east coast hip hop,old school hip hop",Trescadecaphobia Music,0.686,0.73,10,-5.894,0,0.384,0.0191,0,0.253,0.373,88.801,4
samp_115,song_051,spotify:track:3RjUvypvWDOo3vCIx4F2pS,Human Beat Box,Fat Boys,Fat Boys,1/1/1984,158981,32,TRUE,1220903884,2026-04-22T01:00:04Z,"old school hip hop,east coast hip hop",Tin Pan Apple,0.703,0.898,1,-10.276,1,0.0912,0.0741,0.00000589,0.377,0.807,100.163,4
samp_116,song_051,spotify:track:2PZgh2Hjn9s2JSpdPB9ti1,Keep It Thoro,H.N.I.C.,Prodigy,6/25/2013,185693,41,TRUE,1220903884,2026-04-22T01:00:15Z,"east coast hip hop,old school hip hop",Infamous Records,0.78,0.536,11,-6.719,0,0.342,0.0452,0,0.306,0.816,88.714,4
samp_117,song_051,spotify:track:7C0OyDOmUtME8aLqxtf7SZ,Classic Material,T.I.M.E.,Leaders of the New School,9/21/1993,239973,30,FALSE,1220903884,2026-04-22T01:00:23Z,"east coast hip hop,old school hip hop",Elektra Records,0.84,0.698,8,-10.066,0,0.259,0.0768,0,0.0974,0.872,92.777,4
samp_118,song_052,spotify:track:28lBxc5mLqVQBeO03aNpuo,Family Affair,"Theme From ""Shaft"" and Other Hits",The Generation Gap Orchestra,2/1/1972,162109,6,FALSE,1220903884,2026-04-22T01:01:19Z,jazz funk,Legacy Recordings,0.631,0.675,7,-8.734,0,0.0318,0.144,0.808,0.0702,0.929,102.48,4
samp_119,song_053,spotify:track:4PujK5BLXRmTqFmk4cXfcz,Kelly,Russ Meyer's Finders Keepers Lovers Weepers (Original Motion Picture Soundtrack),Stu Phillips;William Loose;Marvin Elling,8/21/1968,285133,4,FALSE,1220903884,2026-04-22T01:01:52Z,acid rock,RM Films International,0.31,0.629,5,-10.281,1,0.0938,0.488,0.00823,0.328,0.2,95.819,4
samp_120,song_053,spotify:track:7pt8LkPCik14WPmton53Sh,Blues & Pants,Hot Pants (Expanded Edition),James Brown,8/8/1971,579560,27,FALSE,1220903884,2026-04-22T01:02:00Z,"funk,soul,motown,classic soul",Polydor,0.795,0.315,8,-14.202,1,0.0319,0.495,0.0143,0.0774,0.651,98.566,4
samp_121,song_053,spotify:track:6ybHVwimqTyk3eyp8R2xro,Psycho Brahmin,Russ Meyer's MotorPsycho (Original Motion Picture Soundtrack),Paul Sawtell;Bert A Shefter,8/14/1965,365173,1,FALSE,1220903884,2026-04-22T01:02:37Z,,RM Films International,0.365,0.324,9,-15.427,1,0.207,0.912,0.0538,0.913,0.112,85.986,4
samp_122,song_054,spotify:track:405r0nuchGBDzxuTlmk1kQ,Airport Love Theme,Waldir Calmon E Seus Multisons,Waldir Calmon,3/3/1970,162047,25,FALSE,1220903884,2026-04-22T01:10:56Z,,Universal Music Ltda.,0.511,0.466,5,-11.491,1,0.0351,0.137,0.464,0.0711,0.467,85.682,4
samp_123,song_055,spotify:track:2jfGP0SF1S85TqScwyZ1jQ,Mithi Mithi Ankhiyon Se,Maha Chor (Original Motion Picture Soundtrack),Asha Bhosle;Kishore Kumar,1/1/1976,260333,4,FALSE,1220903884,2026-04-22T01:11:41Z,"ghazal,marathi pop,bangla pop,bollywood,hindi pop",Saregama,0.566,0.437,2,-11.007,0,0.0435,0.861,0.00000335,0.0844,0.851,104.244,4
samp_124,song_055,spotify:track:2Ll9uxUHQMQe6xb71e1suY,Theme of Dhalsim,Street Fighter V Original Soundtrack,Capcom Sound Team,3/9/2016,197093,15,FALSE,1220903884,2026-04-22T01:13:23Z,"japanese vgm,soundtrack",CAPCOM SULEPUTER,0.444,0.932,11,-7.287,0,0.0381,0.0000135,0.908,0.178,0.439,142.017,4
samp_125,song_055,spotify:track:1T1pFHQLkWGWirtvzhxluD,"Poorab Disa Se Perdesi Aaya - From ""Suraj Aur Chanda""",Suraj Aur Chanda (Original Motion Picture Soundtrack),Lata Mangeshkar,1/1/2006,370426,6,FALSE,1220903884,2026-04-22T01:13:41Z,"ghazal,bollywood,hindi pop,bhajan,marathi pop",Universal Music India Pvt Ltd.,0.37,0.88,1,-3.884,0,0.0553,0.733,0.00206,0.115,0.715,87.278,4
samp_126,song_055,spotify:track:3TfyAFiX69cZ7rk8jENCFi,Sera Sera Jim,Brer Soul,Melvin Van Peebles,1/1/1968,255856,1,FALSE,1220903884,2026-04-22T01:14:32Z,ethiopian jazz,A&M,0.378,0.169,1,-14.373,1,0.106,0.649,0.0000257,0.112,0.125,81.119,4
samp_127,song_055,spotify:track:5YgIfMhtINiwvL0txVMABv,Fashion Ki Diwani,Adhikar (Original Motion Picture Soundtrack),Manna Dey,12/31/1971,253204,0,FALSE,1220903884,2026-04-22T01:14:43Z,"bangla pop,ghazal,qawwali,bhajan",Saregama,0.643,0.713,5,-7.175,0,0.0879,0.898,0,0.101,0.892,105.918,4
samp_128,song_056,spotify:track:7InhLyzPbKJo7qIeOcH1dU,Soul Turnaround,A Soul Experiment,Freddie Hubbard,8/2/2005,238333,5,FALSE,1220903884,2026-04-22T01:16:10Z,"hard bop,jazz,bebop,jazz ballads,cool jazz,jazz funk",Rhino Atlantic,0.596,0.668,7,-9.957,0,0.0464,0.172,0.793,0.164,0.915,135.711,4
samp_129,song_056,spotify:track:6JMIaVMbh5emijDiBODgit,South Bronx,Criminal Minded (Deluxe),Boogie Down Productions,3/3/1987,308558,38,TRUE,1220903884,2026-04-22T01:16:26Z,"old school hip hop,east coast hip hop,hip hop,gangster rap",B-Boy Records,0.919,0.465,9,-8.64,0,0.4,0.28,0,0.146,0.629,95.867,4
samp_130,song_056,spotify:track:7yDcyGjAeKIircQbFkAm72,Going Down,"Master Drummers, Vol. 4",Babatunde Lea,5/8/2001,97333,1,FALSE,1220903884,2026-04-22T01:16:38Z,"electroacoustic,breakbeat,afro-cuban jazz",Ubiquity Recordings,0.714,0.671,1,-10.35,1,0.119,0.00000551,0.968,0.0642,0.939,170.185,4
samp_131,song_057,spotify:track:0Oh6E9ULeOuECLJKfaiEtj,Hindu Hoon Main Na Musalman,Maha Chor (Original Motion Picture Soundtrack),Kishore Kumar,1/1/1976,305973,3,FALSE,1220903884,2026-04-22T01:35:55Z,"ghazal,bangla pop,hindi pop",Saregama,0.538,0.342,7,-11.631,0,0.0383,0.909,0,0.142,0.558,87.332,4
samp_132,song_058,spotify:track:49HyF0oMsHO6hSrIQd4fAz,Prepare Yourself,"I Love the Blues, She Heard Me Cry",George Duke,1975,328012,17,FALSE,1220903884,2026-04-22T01:37:01Z,"jazz funk,jazz fusion,smooth jazz,funk",MPS,0.565,0.203,5,-20.243,1,0.104,0.0781,0.193,0.0679,0.579,168.779,4
samp_133,song_058,spotify:track:3B59dR6lPY1FKbBwsXbcON,Double Barrel,Double Barrel,Dave & Ansell Collins,1971,170306,48,FALSE,1220903884,2026-04-22T01:37:08Z,"rocksteady,ska,reggae,northern soul",Trojan Records,0.576,0.529,5,-10.074,1,0.276,0.292,0.00214,0.0577,0.734,74.481,4
samp_134,song_059,spotify:track:1tVD72KtXh7MgfEHSrsN8b,In the Beginning,Finger Lickin' Good,Dr. Lonnie Smith,3/1/1967,174098,14,FALSE,1220903884,2026-04-22T01:38:40Z,"jazz funk,soul jazz,hard bop,jazz",Columbia/Legacy,0.2,0.0792,9,-18.459,0,0.0298,0.981,0.888,0.234,0.193,173.382,3
samp_135,song_059,spotify:track:4V1GS6mC7MNCgcQ7m4sIvq,Jeannine,Finger Lickin' Good,Dr. Lonnie Smith,3/1/1967,204810,25,FALSE,1220903884,2026-04-22T01:38:51Z,"jazz funk,soul jazz,hard bop,jazz",Columbia/Legacy,0.571,0.505,2,-12.4,0,0.0724,0.832,0.896,0.152,0.754,118.133,4
samp_136,song_059,spotify:track:1lQ7OlBo6rZrBQPtTTnfIE,"Figaro Figaro Figaro! The Barber of Seville: ""Largo Al Factotum""","Figaro Figaro Figaro! The Barber of Seville: ""Largo Al Factotum""",Gioachino Rossini,8/22/2010,282500,39,FALSE,1220903884,2026-04-22T01:39:05Z,"classical,opera",NetFilmMusic,0.513,0.352,10,-14.282,1,0.282,0.934,0.00755,0.171,0.27,139.146,4
samp_137,song_059,spotify:track:7tKvKm18Q6DyykJPfLV4FT,Let The Rhythm Hit 'Em,Let The Rhythm Hit 'Em,Eric B. & Rakim,6/29/1990,325800,37,FALSE,1220903884,2026-04-22T01:39:13Z,"old school hip hop,east coast hip hop,hip hop",Geffen*,0.627,0.797,6,-12.716,0,0.0809,0.0127,0.647,0.0849,0.729,108.804,4
samp_138,song_060,spotify:track:0mhy7d1vMbDTba7IHCYo8k,Sing A Simple Song,Together,Diana Ross & The Supremes;The Temptations,9/23/1969,213266,9,FALSE,1220903884,2026-04-22T01:41:07Z,"motown,northern soul,classic soul,soul",UNI/MOTOWN,0.613,0.393,4,-16.774,1,0.0339,0.116,0.000502,0.55,0.8,94.981,4
samp_139,song_061,spotify:track:634AfFiwV6FVLmrlDBsB1O,Funny Ways,Gentle Giant,Gentle Giant,1/1/1970,261293,34,FALSE,1220903884,2026-04-22T03:06:19Z,"progressive rock,art rock,krautrock",EMI,0.285,0.129,4,-19.438,0,0.0363,0.643,0.000858,0.34,0.258,84.209,5
samp_140,song_062,spotify:track:04wBo583kpIpQqPCze87RB,That Ain't The Way You Make Love,"The Complete Hill Records Collection/United Artists Recordings, 1972-1975",Z.Z. Hill,1/1/1996,225560,44,FALSE,1220903884,2026-04-22T03:18:33Z,"blues,soul blues,northern soul,footwork,zydeco",Capitol Records,0.582,0.531,8,-9.077,0,0.0362,0.404,0.00155,0.165,0.72,78.352,4
samp_141,song_062,spotify:track:4Ev3gucC4JAUbHJrHpY70w,Walkin' In The Rain With The One I Love,Best Of Love Unlimited,Love Unlimited,1/1/1997,287933,43,FALSE,1220903884,2026-04-22T03:18:49Z,philly soul,Island Mercury,0.424,0.594,10,-9.652,1,0.0551,0.341,0.000282,0.413,0.59,137.535,4
samp_142,song_063,spotify:track:5d4JA62kyL3ljolv1U0Klj,So Good,So Good,The Whispers,1/1/1984,196082,19,FALSE,1220903884,2026-04-22T03:27:00Z,"post-disco,quiet storm,classic soul,disco",Unidisc,0.515,0.632,1,-7.715,1,0.0276,0.398,0,0.128,0.361,77.01,4
samp_143,song_064,spotify:track:2nF3btHruIkWkw8qNcuhwK,Adormeceu,Adormeceu,O Terco,1/1/1971,233747,21,FALSE,1220903884,2026-04-22T03:43:47Z,"brazilian rock,progressive rock",Planet Blue Records USA,0.324,0.47,7,-14.977,1,0.0364,0.208,0.00752,0.246,0.325,80.04,4
samp_144,song_064,spotify:track:5hGsUZIjiBZq4QRtjdulKB,Cold Gettin' Dumb,Back to the Old School,Just-Ice,1986,272786,28,TRUE,1220903884,2026-04-22T03:43:58Z,"old school hip hop,east coast hip hop",Fresh Records,0.795,0.775,1,-7.492,1,0.162,0.0294,0.139,0.0367,0.833,96.027,4
samp_145,song_065,spotify:track:2Xo6N4EMDj6EhHZRkNo7a3,"Bumpin' Bus Stop, Pt. 1 - 2023 Remastered",Bumpin' Bus Stop (2023 Remastered),Thunder And Lightning,2/13/1974,201988,11,FALSE,1220903884,2026-04-22T03:46:27Z,,Private Stock Records,0.72,0.775,2,-11.04,1,0.11,0.357,0.222,0.414,0.962,97.493,4
samp_146,song_065,spotify:track:18Mh3v6rBCCpcNYzyaA2RN,Sometimes I Rhyme Slow,Ain't A Damn Thing Changed,Nice & Smooth,1/1/1991,172266,48,TRUE,1220903884,2026-04-22T03:46:46Z,"old school hip hop,east coast hip hop",RAL (Rush Associated Label),0.797,0.563,6,-14.138,0,0.123,0.119,0.323,0.0969,0.687,108.369,4
samp_147,song_065,spotify:track:30RmekD1dSy913wZnryc1h,"Ironside - Theme From ""Ironside""",Smackwater Jack,Quincy Jones,1971,233986,40,FALSE,1220903884,2026-04-22T03:51:16Z,"soul jazz,big band,quiet storm",A&M JAZZ,0.487,0.637,9,-10.11,0,0.0526,0.173,0.228,0.106,0.564,134.095,4
samp_148,song_066,spotify:track:4qIg2VJafXCxvVT3AlhLYh,How Can You Believe,Eivets Rednow,Stevie Wonder,11/1/1968,186386,17,FALSE,1220903884,2026-04-22T03:54:42Z,"motown,classic soul,soul",Motown,0.466,0.477,11,-9.637,1,0.0291,0.521,0.781,0.167,0.409,74.852,4
samp_149,song_066,spotify:track:6JYPFIVXYL3MkKfEfRSovu,Love You Down,20th Century Masters: The Millennium Collection: Best Of Ready For The World,Ready For The World,1/1/2002,391209,47,FALSE,1220903884,2026-04-22T03:54:51Z,"new jack swing,quiet storm",Geffen*,0.694,0.465,4,-6.911,0,0.0409,0.137,0.00218,0.0735,0.267,129.436,4
samp_150,song_067,spotify:track:1Wcn5mU13xSYTaGSYJzy1U,"Mariana, Mariana",A Tua Presenca,Maria Bethânia,1/1/1971,239733,28,FALSE,1220903884,2026-04-22T03:57:15Z,"mpb,samba,bossa nova,axé",Universal Music Ltda.,0.397,0.393,10,-10.78,0,0.0338,0.132,0.0592,0.176,0.133,129.909,4
samp_151,song_067,spotify:track:54nlq4Ki7C6lXzGl52DzJg,Molambo,"The Brazilian Guitar, Vol.1",Bola Sete,3/26/2021,163004,0,FALSE,1220903884,2026-04-22T03:58:55Z,"brazilian jazz,bossa nova",Classical Pages,0.75,0.366,2,-11.725,1,0.0348,0.847,0.559,0.135,0.704,118.934,4
samp_152,song_067,spotify:track:4Bo5kIGsYaC05S0pUVX9uJ,Creativity,A Child's Garden Of Grass,Jack Margolis;Jere Alan Brain,7/26/2005,132133,4,FALSE,1220903884,2026-04-22T04:00:54Z,"spoken word,comedy",Rhino/Warner Records,0.507,0.318,1,-15.785,1,0.437,0.812,0,0.253,0.503,136.203,4
samp_153,,spotify:track:0VCMH2s1q05Cx9jKwPkSoM,Friends,Escape (Expanded Edition),Whodini,2/10/2017,278533,43,FALSE,1220903884,2026-04-22T04:06:28Z,"old school hip hop,east coast hip hop",Sony Music UK,0.74,0.726,6,-8.067,1,0.265,0.029,0.00000453,0.0776,0.553,192.822,4
samp_154,song_069,spotify:track:6bFGodepI4y7w4AJBcCB1E,When I Hear Music,She’s Back,Debbie Deb,11/21/1995,425560,60,FALSE,1220903884,2026-04-22T04:07:35Z,"freestyle,funk melody,miami bass,chicago house",Pandisc Music Corporation,0.762,0.757,1,-8.459,1,0.0347,0.000565,0.301,0.0495,0.755,126.206,4
samp_155,song_070,spotify:track:4fTPWK0B2Mg5Gulq8rarbb,If This World Were Mine (with Luther Vandross),The Best of Luther Vandross The Best of Love,Luther Vandross;Cheryl Lynn,1989,323960,54,FALSE,1220903884,2026-04-22T04:09:00Z,"quiet storm,soul,classic soul,disco,post-disco",Epic,0.398,0.253,9,-16.1,1,0.0405,0.553,0,0.0765,0.326,120.851,4
samp_156,song_072,spotify:track:6a0GRBATlIq4SRbBOPOA8V,Scotty,Down for Life,D4L,11/8/2005,252693,53,TRUE,1220903884,2026-04-22T04:13:17Z,"crunk,southern hip hop",Atlantic Records/Asylum,0.622,0.318,0,-7.707,1,0.434,0.00978,0,0.273,0.524,90.985,4
samp_157,song_072,spotify:track:42k9e2hgl98IdgkXLg4pxs,"No More (feat. Travis Scott, Kodak Black & 21 Savage)",NOT ALL HEROES WEAR CAPES (Deluxe),Metro Boomin;Travis Scott;Kodak Black;21 Savage,11/6/2018,265120,60,TRUE,1220903884,2026-04-22T04:15:28Z,rap,Republic Records,0.636,0.501,11,-7.26,0,0.329,0.413,0,0.339,0.196,82.309,4
samp_158,song_073,spotify:track:1zinHKpNZJ3z6RNty0cwUH,Made Niggaz,Gang Related,2Pac;Outlawz,5/1/2001,302786,26,TRUE,1220903884,2026-04-22T04:17:43Z,"old school hip hop,west coast hip hop,gangster rap,g-funk,hip hop",Death Row Records,0.837,0.809,4,-6.216,0,0.191,0.163,0,0.345,0.87,91.121,4
samp_159,song_074,spotify:track:0ed6evAMZvewGh4UI9KkVU,Kick in the Door - 2014 Remaster,Life After Death (2014 Remastered Edition),The Notorious B.I.G.,3/4/1997,286186,57,TRUE,1220903884,2026-04-22T04:20:57Z,"old school hip hop,gangster rap,east coast hip hop,hip hop",Rhino Atlantic,0.62,0.854,6,-5.578,1,0.628,0.103,0,0.402,0.671,179.801,4
samp_160,song_074,spotify:track:23IdYJUOMzYQNhyV4zKcX1,Overture - Score Version,The Black Hole,John Barry,1/1/1979,144533,14,FALSE,1220903884,2026-04-22T04:22:29Z,,Buena Vista Records,0.397,0.258,0,-10.525,1,0.0279,0.786,0.861,0.261,0.373,96.364,4
samp_161,song_074,spotify:track:1pbbBqJQWmqrjtFX0rfcqK,MacArthur Park,MacArthur Park,Monk Higgins,1/1/1968,194755,17,FALSE,1220903884,2026-04-22T04:23:33Z,soul jazz,Verve Reissues,0.421,0.411,5,-10.279,1,0.0327,0.369,0.0485,0.064,0.568,111.206,4
samp_162,song_076,spotify:track:0yJsnqLBhb8oU8ZMyZ1M3q,Give Me a Helping Hand,Joey,Little Beaver,1972,232461,31,FALSE,1220903884,2026-04-22T04:27:23Z,,"Stone Music Family, LLC",0.477,0.478,6,-9.383,1,0.0402,0.272,0,0.188,0.375,77.987,4
samp_163,song_077,spotify:track:1iXtpeHC0i6c7JBrKi3yaq,Use Your Heart,New Beginning,SWV,4/23/1996,289000,61,FALSE,1220903884,2026-04-22T04:30:18Z,"new jack swing,r&b",RCA Records Label,0.623,0.479,9,-8.457,1,0.0389,0.17,0.00561,0.341,0.602,73.968,4
samp_164,song_079,spotify:track:5WDedksjRunTq4EJlyBCvu,Amarga Tristeza,Quisiera,Combo Impacto,2/14/1974,253186,9,FALSE,1220903884,2026-04-22T04:34:13Z,,Tamayo Records,0.647,0.304,11,-11.698,0,0.0519,0.777,0.0758,0.147,0.273,129.4,4
samp_165,song_080,spotify:track:4taP0pwBEShUcazK2qCUne,El ómnibus,Manos,"The Rada's Old Boys;Nelson Cedrez;Daniel ""Lobito"" Lagarde;Ricardo Nolé;Ruben Rada",6/18/2025,315144,5,FALSE,1220903884,2026-04-22T04:41:59Z,"candombe,murga,folk,boogie,latin jazz",Little Butterfly Records,0.486,0.419,11,-10.878,0,0.0311,0.836,0.000549,0.117,0.355,138.725,4
samp_166,song_082,spotify:track:3G7U1vJTc6d0nUPrR17jJq,Alone (Reprise),You Can Fly On My Aeroplane,Wee,8/26/2008,148093,24,FALSE,1220903884,2026-04-22T04:45:15Z,,Numero Group,0.453,0.355,9,-14.188,0,0.027,0.544,0.0012,0.0589,0.215,122.738,4
samp_167,song_082,spotify:track:1QH4dwbgVjRYlXlzyyYyzF,Alone,You Can Fly On My Aeroplane,Wee,8/26/2008,256013,18,FALSE,1220903884,2026-04-22T04:46:12Z,,Numero Group,0.434,0.605,9,-8.998,0,0.0427,0.514,0.000101,0.0903,0.376,122.54,4
samp_168,song_083,spotify:track:4GOhstuymDo7yP2SL0N9ZT,Look at Me (I'm in Love),Love On A Two-Way Street (US Release),The Moments,7/16/1996,191066,21,FALSE,1220903884,2026-04-22T04:48:55Z,"classic soul,philly soul,northern soul,quiet storm",Rhino,0.392,0.511,5,-9.008,1,0.0311,0.337,0.0000925,0.118,0.337,144.508,4
samp_169,song_085,spotify:track:5RRpimjelfROAX4FBg6FlJ,On Love,On Love,David T. Walker,1976,298706,36,FALSE,1220903884,2026-04-22T04:52:23Z,,Ode Records,0.416,0.3,2,-17.09,1,0.045,0.88,0.593,0.0701,0.138,146.958,4
samp_170,song_087,spotify:track:1IyEyltdu4GtyFZ3SMg8k0,The Captain & Me,Soldiers of the Light,"Andrus, Blackwood & Co",10/7/2012,230993,5,FALSE,1220903884,2026-04-22T04:59:48Z,"ccm,yacht rock,traditional gospel",Mission Control Records,0.397,0.231,11,-11.499,1,0.0392,0.911,0.00376,0.0794,0.234,133.093,4
samp_171,song_088,spotify:track:22k1JF39FUDgAoNYfvJdaZ,Ballad Garden & Palm Dreams,Octember Variations,Volker Kriegel;Mild Maniac Orchestra,4/8/2016,357111,16,FALSE,1220903884,2026-04-22T05:00:46Z,"krautrock,jazz fusion",MPS,0.396,0.259,4,-20.204,0,0.0349,0.463,0.912,0.0833,0.0398,139.375,1
samp_173,song_090,spotify:track:1wTKqgm2mIf6fIKD1q0Rtk,Poetry,Criminal Minded (Deluxe),Boogie Down Productions,3/3/1987,299630,27,TRUE,1220903884,2026-04-22T05:04:41Z,"old school hip hop,east coast hip hop,hip hop,gangster rap",B-Boy Records,0.94,0.764,10,-13.303,0,0.258,0.00249,0.000241,0.0883,0.82,95.772,4
samp_174,song_090,spotify:track:65krtHkaYLPr0mEbjL61UP,Kiss of Life,The Best of Sade,Sade,10/31/1994,251333,83,FALSE,1220903884,2026-04-22T05:04:53Z,,Epic,0.723,0.47,6,-11.302,0,0.028,0.633,0.0373,0.0968,0.783,97.107,4
